ID,Archetype,1789,1792,1796,1800,1804,1808,1812,1816,1820,1824,1828,1832,1836,1840,1844,1848,1852,1856,1860,1864,1868,1872,1876,1880,1884,1888,1892,1896,1900,1904,1908,1912,1916,1920,1924,1928,1932,1936,1940,1944,1948,1952,1956,1960,1964,1968,1972,1976,1980,1984,1988,1992,1996,2000,2004,2008,2012,2016,2020,2024
001,"Rawlsian Reformer",Washington,Washington,Adams,Jefferson,Jefferson,Madison,Madison,Monroe,Monroe,Clay,Jackson,Jackson,Van Buren,ABSTAIN,Polk,Van Buren,ABSTAIN,Fremont,Lincoln,Lincoln,Grant,Greeley,ABSTAIN,Hancock,Cleveland,Cleveland,Cleveland,McKinley,ABSTAIN,Roosevelt,Taft,Wilson,Wilson,Harding,Davis,Smith,Roosevelt,Roosevelt,Roosevelt,Roosevelt,Truman,Stevenson,Stevenson,Kennedy,Johnson,Humphrey,Nixon,Carter,Carter,Mondale,Bush,Clinton,Clinton,Gore,Kerry,Obama,Obama,Clinton,Biden,Harris
002,"Independent Social Democrat",Washington,Washington,Jefferson,Jefferson,Jefferson,Madison,Madison,Monroe,Monroe,Jackson,Jackson,Jackson,Van Buren,Van Buren,Polk,Van Buren,ABSTAIN,Fremont,Lincoln,Lincoln,Grant,Grant,ABSTAIN,Hancock,Cleveland,Cleveland,Cleveland,Bryan,Bryan,Roosevelt,Bryan,Wilson,Wilson,Cox,Davis,Smith,Roosevelt,Roosevelt,Roosevelt,Roosevelt,Truman,Stevenson,Stevenson,Kennedy,Johnson,Humphrey,Nixon,Carter,Carter,Mondale,Bush,Clinton,Clinton,Gore,Kerry,Obama,Obama,Clinton,Biden,Harris
003,"Welfare Modernizer",Washington,Washington,Adams,Jefferson,Jefferson,Madison,Madison,Monroe,Monroe,Clay,Jackson,Jackson,Van Buren,Van Buren,Polk,Van Buren,Scott,Buchanan,Lincoln,Lincoln,Grant,Greeley,Tilden,Garfield,Cleveland,Cleveland,Cleveland,McKinley,Bryan,Roosevelt,Bryan,Wilson,Wilson,Harding,Davis,Hoover,Roosevelt,Roosevelt,Roosevelt,Roosevelt,Truman,Stevenson,Eisenhower,Kennedy,Johnson,Humphrey,Nixon,Carter,Carter,Mondale,Dukakis,Clinton,Clinton,Gore,Kerry,Obama,Obama,Clinton,Biden,Harris
004,"Labor Reformer",Washington,Washington,Jefferson,Jefferson,Jefferson,Madison,Madison,Monroe,Monroe,Jackson,Jackson,Jackson,Van Buren,Van Buren,Polk,Van Buren,Pierce,Buchanan,Douglas,Lincoln,Grant,Greeley,Tilden,Hancock,Cleveland,Cleveland,Cleveland,Bryan,Bryan,Roosevelt,Bryan,Wilson,Wilson,Harding,Davis,Smith,Roosevelt,Roosevelt,Roosevelt,Roosevelt,Truman,Stevenson,Stevenson,Kennedy,Johnson,Humphrey,Nixon,Carter,Carter,Mondale,Dukakis,Clinton,Clinton,Gore,Kerry,Obama,Obama,Clinton,Biden,Harris
005,"Public Guardian",Washington,Washington,Adams,Jefferson,Jefferson,Madison,Madison,Monroe,ABSTAIN,Jackson,Jackson,Jackson,Van Buren,Harrison,Polk,Van Buren,ABSTAIN,Fremont,Lincoln,Lincoln,Grant,Greeley,Tilden,Garfield,Cleveland,Cleveland,Cleveland,McKinley,Bryan,Roosevelt,Taft,Wilson,Wilson,Harding,Davis,Smith,Roosevelt,Roosevelt,Roosevelt,Roosevelt,Truman,Eisenhower,Eisenhower,Kennedy,Johnson,Humphrey,Nixon,Carter,Carter,Mondale,Bush,Bush,Clinton,Gore,Bush,Obama,Obama,Clinton,Biden,Harris
006,"Fairness Pragmatist",Washington,Washington,Jefferson,Jefferson,Jefferson,Madison,Madison,Monroe,Monroe,Clay,Adams,Jackson,Van Buren,Harrison,Clay,Taylor,Scott,Buchanan,Lincoln,Lincoln,Grant,Greeley,Tilden,Garfield,Cleveland,Cleveland,Cleveland,McKinley,McKinley,Roosevelt,Taft,Wilson,Wilson,Harding,Davis,Hoover,Roosevelt,Roosevelt,Roosevelt,Roosevelt,Dewey,Eisenhower,Eisenhower,Kennedy,Johnson,Humphrey,Nixon,Carter,Carter,Mondale,Dukakis,Clinton,Clinton,Gore,Kerry,Obama,Obama,Clinton,Biden,Harris
007,"Solidarist Reformer",Washington,Washington,Adams,ABSTAIN,Jefferson,Madison,Madison,Monroe,Monroe,Jackson,Jackson,Jackson,Van Buren,Harrison,Polk,Taylor,ABSTAIN,Buchanan,Lincoln,Lincoln,Grant,Greeley,Tilden,Hancock,Cleveland,Harrison,Cleveland,McKinley,Bryan,Parker,Bryan,Wilson,Wilson,Harding,Coolidge,Hoover,Roosevelt,Roosevelt,Roosevelt,Roosevelt,Truman,Eisenhower,Eisenhower,Kennedy,Johnson,Nixon,Nixon,Carter,Reagan,Reagan,Bush,Clinton,Clinton,Bush,Kerry,Obama,Obama,Clinton,Biden,Harris
008,"Municipal Equalizer",Washington,Washington,Adams,Jefferson,Jefferson,Madison,Madison,Monroe,Monroe,Jackson,Jackson,Jackson,Van Buren,Van Buren,Polk,Van Buren,Pierce,Buchanan,Lincoln,Lincoln,Grant,Greeley,Tilden,Hancock,Cleveland,Cleveland,Cleveland,McKinley,Bryan,Roosevelt,Taft,Wilson,Wilson,Cox,Davis,Hoover,Roosevelt,Roosevelt,Roosevelt,Roosevelt,Truman,Eisenhower,Eisenhower,Kennedy,Johnson,Humphrey,Nixon,Carter,Carter,Mondale,Dukakis,Clinton,Clinton,Gore,Kerry,Obama,Obama,Clinton,Biden,Harris
009,"Social Stabilizer",Washington,Washington,Adams,Jefferson,Jefferson,Madison,Madison,Monroe,Monroe,Jackson,Jackson,Jackson,Van Buren,Harrison,Polk,Van Buren,ABSTAIN,Fremont,Lincoln,Lincoln,Grant,Greeley,Tilden,Hancock,Cleveland,Cleveland,Weaver,Bryan,Bryan,Roosevelt,Bryan,Wilson,Wilson,Harding,Davis,Hoover,Roosevelt,Roosevelt,Roosevelt,Roosevelt,Truman,Stevenson,Eisenhower,Kennedy,Johnson,Humphrey,Nixon,Carter,Carter,Mondale,Dukakis,Clinton,Clinton,Gore,Kerry,Obama,Obama,Clinton,Biden,Harris
010,"Bread-and-Butter Progressive",Washington,Washington,Adams,ABSTAIN,Pinckney,Madison,Madison,Monroe,Monroe,Clay,Adams,Jackson,Van Buren,Van Buren,Polk,Taylor,Scott,Buchanan,Bell,McClellan,Seymour,Greeley,Tilden,Hancock,Cleveland,Cleveland,Cleveland,McKinley,Bryan,Parker,Taft,Wilson,Wilson,Harding,Davis,Hoover,Roosevelt,Roosevelt,Roosevelt,Dewey,Dewey,Eisenhower,Eisenhower,Kennedy,Johnson,Nixon,Nixon,Carter,Carter,Mondale,Bush,Clinton,Clinton,Gore,Bush,Obama,Obama,Clinton,Biden,Harris
011,"Jacobin Egalitarian",ABSTAIN,ABSTAIN,Jefferson,Jefferson,Jefferson,Madison,Madison,ABSTAIN,ABSTAIN,Jackson,Jackson,Jackson,Van Buren,Van Buren,Polk,Van Buren,ABSTAIN,Fremont,Douglas,Lincoln,Grant,Grant,ABSTAIN,Hancock,Blaine,ABSTAIN,Weaver,Bryan,Bryan,Roosevelt,Bryan,Roosevelt,Wilson,Cox,La Follette,Smith,Roosevelt,Roosevelt,Roosevelt,Roosevelt,Truman,Stevenson,Stevenson,Kennedy,Johnson,Humphrey,Nixon,Carter,Carter,Mondale,ABSTAIN,Clinton,ABSTAIN,Bush,Bush,Obama,Obama,Clinton,Trump,Harris
012,"Class-War Leftist",ABSTAIN,ABSTAIN,Jefferson,Jefferson,Jefferson,ABSTAIN,Madison,ABSTAIN,ABSTAIN,Jackson,Jackson,Jackson,Van Buren,Van Buren,Polk,Cass,Pierce,Fremont,Breckinridge,Lincoln,Grant,Grant,Tilden,Hancock,ABSTAIN,ABSTAIN,Weaver,Bryan,Bryan,Roosevelt,Bryan,Roosevelt,Wilson,Cox,La Follette,Smith,ABSTAIN,Roosevelt,ABSTAIN,ABSTAIN,Truman,ABSTAIN,ABSTAIN,Kennedy,Johnson,Wallace,Nixon,ABSTAIN,Carter,Mondale,ABSTAIN,Perot,ABSTAIN,Gore,Bush,ABSTAIN,Obama,Trump,Trump,Harris
013,"Radical Leveler",ABSTAIN,ABSTAIN,Jefferson,Jefferson,Jefferson,ABSTAIN,Madison,ABSTAIN,ABSTAIN,Jackson,Jackson,Jackson,Van Buren,ABSTAIN,Polk,Van Buren,ABSTAIN,Fremont,Douglas,Lincoln,Grant,Greeley,ABSTAIN,Hancock,Blaine,ABSTAIN,Weaver,Bryan,Bryan,Roosevelt,Bryan,Roosevelt,Wilson,Cox,La Follette,Smith,Roosevelt,Roosevelt,Roosevelt,Roosevelt,Truman,Stevenson,Stevenson,Kennedy,Johnson,Humphrey,McGovern,ABSTAIN,Carter,Mondale,ABSTAIN,Clinton,Clinton,Gore,Bush,ABSTAIN,Obama,Clinton,Trump,Harris
014,"Movement Egalitarian",Washington,Washington,Jefferson,Jefferson,Jefferson,Madison,Madison,Monroe,ABSTAIN,Jackson,Jackson,Jackson,Van Buren,Van Buren,Polk,Van Buren,Pierce,Fremont,Lincoln,Lincoln,Grant,Greeley,Tilden,Hancock,Blaine,ABSTAIN,Weaver,Bryan,Bryan,Roosevelt,Bryan,Wilson,Wilson,Cox,La Follette,Smith,Roosevelt,Roosevelt,Roosevelt,Roosevelt,Truman,Stevenson,Stevenson,Kennedy,Johnson,Humphrey,Nixon,Carter,Carter,Mondale,Dukakis,Clinton,Clinton,Gore,Bush,Obama,Obama,Clinton,Biden,Harris
015,"Moral Firebrand",ABSTAIN,ABSTAIN,Jefferson,Jefferson,Jefferson,ABSTAIN,Madison,ABSTAIN,ABSTAIN,Jackson,Jackson,Jackson,Van Buren,Van Buren,ABSTAIN,Cass,ABSTAIN,Fremont,Lincoln,Lincoln,Grant,Greeley,ABSTAIN,Hancock,ABSTAIN,ABSTAIN,Weaver,Bryan,Bryan,Roosevelt,Bryan,Roosevelt,Wilson,Cox,La Follette,Smith,Roosevelt,Roosevelt,Roosevelt,Roosevelt,Truman,Stevenson,Stevenson,Kennedy,Johnson,ABSTAIN,McGovern,ABSTAIN,Reagan,Mondale,ABSTAIN,ABSTAIN,ABSTAIN,Gore,Kerry,Obama,Obama,ABSTAIN,ABSTAIN,Harris
016,"Insurgent Equalizer",ABSTAIN,ABSTAIN,Jefferson,Jefferson,Jefferson,ABSTAIN,Madison,ABSTAIN,ABSTAIN,Jackson,Jackson,Jackson,Van Buren,Van Buren,Polk,Cass,ABSTAIN,Fremont,ABSTAIN,Lincoln,Grant,Grant,ABSTAIN,Hancock,ABSTAIN,ABSTAIN,Weaver,Bryan,Bryan,Roosevelt,Bryan,Roosevelt,Wilson,Cox,La Follette,Smith,Roosevelt,Roosevelt,Roosevelt,Roosevelt,Truman,ABSTAIN,Stevenson,Kennedy,Johnson,Wallace,Nixon,ABSTAIN,Carter,Mondale,ABSTAIN,ABSTAIN,ABSTAIN,Gore,Bush,ABSTAIN,Obama,Trump,Trump,Trump
017,"Uncompromising Redistributionist",ABSTAIN,ABSTAIN,Jefferson,Jefferson,Jefferson,ABSTAIN,Madison,ABSTAIN,ABSTAIN,Jackson,Jackson,Jackson,Van Buren,Van Buren,Polk,Van Buren,ABSTAIN,Fremont,Lincoln,Lincoln,Grant,Grant,ABSTAIN,Hancock,ABSTAIN,ABSTAIN,Weaver,Bryan,Bryan,Roosevelt,Bryan,Wilson,Wilson,Cox,La Follette,Smith,ABSTAIN,ABSTAIN,Roosevelt,Roosevelt,Truman,ABSTAIN,ABSTAIN,Kennedy,Johnson,ABSTAIN,Nixon,ABSTAIN,Carter,Mondale,ABSTAIN,Clinton,ABSTAIN,Gore,ABSTAIN,ABSTAIN,Obama,ABSTAIN,ABSTAIN,Harris
019,"Anarchist Mutualist",ABSTAIN,ABSTAIN,Jefferson,Jefferson,Jefferson,ABSTAIN,Madison,ABSTAIN,ABSTAIN,Jackson,Jackson,Jackson,ABSTAIN,ABSTAIN,Polk,Van Buren,ABSTAIN,Fremont,Lincoln,Lincoln,Grant,Grant,ABSTAIN,ABSTAIN,ABSTAIN,ABSTAIN,Weaver,ABSTAIN,ABSTAIN,Roosevelt,Bryan,Roosevelt,Wilson,Cox,La Follette,Smith,Roosevelt,Roosevelt,Roosevelt,Roosevelt,Truman,Stevenson,Stevenson,Kennedy,Johnson,ABSTAIN,McGovern,ABSTAIN,Carter,ABSTAIN,ABSTAIN,Clinton,Clinton,Gore,Kerry,Obama,Obama,Clinton,ABSTAIN,Harris
020,"Horizontalist Dissenter",ABSTAIN,ABSTAIN,Jefferson,Jefferson,Jefferson,Madison,Madison,Monroe,Monroe,Jackson,Jackson,Jackson,Van Buren,ABSTAIN,Polk,Van Buren,ABSTAIN,Fremont,Lincoln,Lincoln,Grant,Greeley,ABSTAIN,ABSTAIN,ABSTAIN,ABSTAIN,Weaver,ABSTAIN,ABSTAIN,Roosevelt,Bryan,Roosevelt,Wilson,Cox,La Follette,Smith,Roosevelt,ABSTAIN,Roosevelt,Roosevelt,Truman,Stevenson,Stevenson,Kennedy,Johnson,Humphrey,McGovern,ABSTAIN,Carter,Mondale,Dukakis,Clinton,Clinton,Gore,ABSTAIN,Obama,Obama,Clinton,ABSTAIN,ABSTAIN
021,"Kantian Cosmopolitan",Washington,Washington,Jefferson,Jefferson,Jefferson,Madison,Madison,Monroe,Monroe,Jackson,Jackson,Jackson,Van Buren,ABSTAIN,Polk,Van Buren,ABSTAIN,Fremont,Lincoln,Lincoln,Grant,Greeley,ABSTAIN,Hancock,Cleveland,Cleveland,Cleveland,McKinley,McKinley,Roosevelt,Bryan,Wilson,Wilson,Harding,Davis,Smith,Roosevelt,Roosevelt,Roosevelt,Roosevelt,Truman,Stevenson,Stevenson,Kennedy,Johnson,Humphrey,McGovern,Carter,Carter,Reagan,Dukakis,Clinton,Clinton,Gore,Kerry,Obama,Obama,Clinton,Biden,Harris
022,"Pluralist Universalist",Washington,Washington,Jefferson,Jefferson,Jefferson,Madison,Madison,Monroe,Monroe,Jackson,Jackson,Jackson,Van Buren,Harrison,Clay,Van Buren,ABSTAIN,Fremont,Lincoln,Lincoln,Grant,Greeley,ABSTAIN,Hancock,Cleveland,Cleveland,Cleveland,McKinley,Bryan,Roosevelt,Bryan,Wilson,Wilson,Cox,Davis,Smith,Roosevelt,Roosevelt,Roosevelt,Roosevelt,Truman,Stevenson,Stevenson,Kennedy,Johnson,Humphrey,McGovern,Carter,Carter,Reagan,Dukakis,Clinton,Clinton,Gore,Kerry,Obama,Obama,Clinton,Biden,Harris
023,"Rights Cosmopolitan",Washington,Washington,Jefferson,Jefferson,Jefferson,Madison,Madison,Monroe,Monroe,Jackson,Jackson,Jackson,Van Buren,ABSTAIN,Polk,Van Buren,ABSTAIN,Fremont,Lincoln,Lincoln,Grant,Greeley,ABSTAIN,Garfield,Cleveland,Cleveland,Cleveland,McKinley,ABSTAIN,Roosevelt,Bryan,Roosevelt,Wilson,Cox,La Follette,Smith,Roosevelt,Roosevelt,Roosevelt,Roosevelt,Truman,Stevenson,Stevenson,Kennedy,Johnson,Humphrey,McGovern,Carter,Carter,Reagan,Dukakis,Clinton,Clinton,Gore,Kerry,Obama,Obama,Clinton,Biden,Harris
024,"Ethical Internationalist",Washington,Washington,Jefferson,Jefferson,Jefferson,Madison,Madison,Monroe,Monroe,ABSTAIN,ABSTAIN,ABSTAIN,Van Buren,ABSTAIN,Clay,Van Buren,ABSTAIN,ABSTAIN,Lincoln,Lincoln,Grant,Greeley,ABSTAIN,Hancock,Cleveland,Cleveland,Cleveland,McKinley,ABSTAIN,Roosevelt,Taft,Roosevelt,Wilson,Harding,Davis,Smith,Roosevelt,Roosevelt,Roosevelt,Roosevelt,Truman,Stevenson,Stevenson,Kennedy,Johnson,Humphrey,McGovern,Carter,Anderson,Reagan,Dukakis,Clinton,Clinton,Gore,Kerry,Obama,Obama,Clinton,Biden,Harris
025,"World-Minded Reformer",Washington,Washington,Adams,Jefferson,Jefferson,Madison,Madison,Monroe,Monroe,Jackson,Jackson,Jackson,Van Buren,ABSTAIN,Polk,Van Buren,ABSTAIN,ABSTAIN,Lincoln,Lincoln,Grant,Greeley,ABSTAIN,Garfield,Cleveland,Cleveland,Cleveland,McKinley,ABSTAIN,Roosevelt,Bryan,Wilson,Wilson,Harding,Davis,Hoover,Roosevelt,Roosevelt,Roosevelt,Roosevelt,Truman,Stevenson,Stevenson,Kennedy,Johnson,Humphrey,Nixon,Carter,Anderson,Reagan,Dukakis,Clinton,Clinton,Gore,Kerry,Obama,Obama,Clinton,Biden,Harris
026,"Cosmopolitan Pragmatist",Washington,Washington,Jefferson,Jefferson,Jefferson,Madison,Madison,Monroe,Monroe,Jackson,Jackson,Jackson,Van Buren,Harrison,Clay,Van Buren,ABSTAIN,ABSTAIN,Douglas,Lincoln,Grant,Greeley,ABSTAIN,Hancock,Cleveland,Cleveland,Cleveland,McKinley,McKinley,Roosevelt,Taft,Wilson,Wilson,Harding,Davis,Smith,Roosevelt,Roosevelt,Roosevelt,Roosevelt,Truman,Stevenson,Stevenson,Kennedy,Johnson,Humphrey,McGovern,Carter,Anderson,Reagan,Dukakis,Clinton,Clinton,Gore,Kerry,Obama,Obama,Clinton,Biden,Harris
027,"Popperian Liberal",Washington,Washington,Adams,ABSTAIN,Jefferson,Madison,Madison,Monroe,Monroe,Clay,Adams,Clay,Harrison,Harrison,Clay,Taylor,Scott,Buchanan,Bell,Lincoln,Grant,Greeley,Tilden,Garfield,Cleveland,Cleveland,Cleveland,McKinley,McKinley,Roosevelt,Taft,Roosevelt,Wilson,Harding,Coolidge,Hoover,Roosevelt,ABSTAIN,Willkie,Roosevelt,Dewey,Eisenhower,Eisenhower,Kennedy,Johnson,Humphrey,Nixon,Carter,Anderson,Reagan,Dukakis,Clinton,Clinton,Gore,Kerry,Obama,Obama,Clinton,Biden,Harris
028,"Global Caretaker",Washington,Washington,Jefferson,Jefferson,Jefferson,Madison,Madison,Monroe,Monroe,Jackson,Jackson,Jackson,Van Buren,ABSTAIN,Polk,Van Buren,ABSTAIN,Fremont,Lincoln,Lincoln,Grant,Greeley,ABSTAIN,Hancock,Blaine,Cleveland,Cleveland,McKinley,McKinley,Roosevelt,Bryan,Roosevelt,Wilson,Harding,Davis,Smith,Roosevelt,Roosevelt,Roosevelt,Roosevelt,Truman,Stevenson,Stevenson,Kennedy,Johnson,Humphrey,McGovern,Carter,Carter,Reagan,Dukakis,Clinton,Clinton,Gore,Kerry,Obama,Obama,Clinton,Biden,Harris
029,"Liberationist Progressive",ABSTAIN,ABSTAIN,Jefferson,Jefferson,Jefferson,Madison,Madison,Monroe,Monroe,Jackson,Jackson,Jackson,Van Buren,ABSTAIN,Polk,Van Buren,ABSTAIN,Fremont,Lincoln,Lincoln,Grant,Grant,ABSTAIN,Hancock,Blaine,ABSTAIN,Cleveland,ABSTAIN,ABSTAIN,Roosevelt,Bryan,Roosevelt,Wilson,Cox,Davis,Smith,Roosevelt,Roosevelt,Roosevelt,Roosevelt,Truman,Stevenson,Stevenson,Kennedy,Johnson,Humphrey,McGovern,Carter,Reagan,Reagan,ABSTAIN,Clinton,Clinton,Gore,Kerry,Obama,Obama,Clinton,Biden,Harris
030,"Cultural Pluralist",Washington,Washington,Jefferson,Jefferson,Jefferson,Madison,Madison,Monroe,Monroe,Jackson,Jackson,Jackson,Van Buren,Harrison,Polk,Van Buren,ABSTAIN,Buchanan,Douglas,Lincoln,Grant,Grant,Tilden,Hancock,Cleveland,Cleveland,Cleveland,McKinley,McKinley,Roosevelt,Bryan,Wilson,Wilson,Harding,Davis,Hoover,Roosevelt,Roosevelt,Roosevelt,Roosevelt,Truman,Stevenson,Stevenson,Kennedy,Johnson,Humphrey,McGovern,Carter,Carter,Reagan,Dukakis,Clinton,Clinton,Gore,Kerry,Obama,Obama,Clinton,Biden,Harris
031,"Planetary Steward",Washington,Washington,Jefferson,Jefferson,Jefferson,Madison,Madison,Monroe,Monroe,Jackson,Jackson,Jackson,Van Buren,ABSTAIN,Polk,Van Buren,ABSTAIN,Fremont,Lincoln,Lincoln,Grant,Greeley,ABSTAIN,Hancock,Cleveland,ABSTAIN,Cleveland,ABSTAIN,ABSTAIN,Roosevelt,Bryan,Roosevelt,Wilson,Cox,Davis,Smith,Roosevelt,Roosevelt,Roosevelt,Roosevelt,Truman,Stevenson,Stevenson,Kennedy,Johnson,Humphrey,McGovern,Carter,Carter,Mondale,Dukakis,Clinton,Clinton,Gore,Kerry,Obama,Obama,Clinton,Biden,Harris
032,"Hamiltonian Technocrat",Washington,Washington,Adams,Jefferson,Jefferson,Madison,Clinton,Monroe,Monroe,Adams,Adams,Clay,Van Buren,Harrison,Polk,Taylor,Pierce,Buchanan,Lincoln,Lincoln,Grant,Greeley,Tilden,Garfield,Cleveland,Cleveland,Cleveland,McKinley,McKinley,Roosevelt,Taft,Wilson,Wilson,Harding,Coolidge,Hoover,Hoover,Landon,Willkie,Roosevelt,Truman,Eisenhower,Eisenhower,Kennedy,Johnson,Humphrey,Nixon,Carter,Anderson,Mondale,Dukakis,Clinton,Clinton,Gore,Kerry,Obama,Obama,Clinton,Biden,Harris
033,"Systems Modernizer",Washington,Washington,Jefferson,Jefferson,Jefferson,Madison,Madison,Monroe,Monroe,Jackson,Jackson,Jackson,Van Buren,ABSTAIN,Polk,Van Buren,ABSTAIN,Fremont,Lincoln,Lincoln,Grant,Grant,Tilden,Garfield,Cleveland,Cleveland,Cleveland,McKinley,McKinley,Roosevelt,Taft,Wilson,Wilson,Cox,Davis,Smith,Roosevelt,Roosevelt,Roosevelt,Roosevelt,Truman,Stevenson,Stevenson,Kennedy,Johnson,Humphrey,McGovern,Carter,Carter,Reagan,Dukakis,Clinton,Clinton,Gore,Kerry,Obama,Obama,Clinton,Biden,Harris
034,"Evidence Reformer",Washington,Washington,Jefferson,Jefferson,Jefferson,Madison,Madison,Monroe,Monroe,Adams,Adams,Jackson,Van Buren,Harrison,Clay,Van Buren,Pierce,ABSTAIN,Lincoln,Lincoln,Grant,Grant,Tilden,Hancock,Cleveland,Cleveland,Cleveland,McKinley,McKinley,Roosevelt,Taft,Wilson,Wilson,Harding,Davis,Hoover,Roosevelt,Roosevelt,Roosevelt,Roosevelt,Truman,Stevenson,Stevenson,Kennedy,Johnson,Humphrey,Nixon,Carter,Anderson,Reagan,Dukakis,Clinton,Clinton,Gore,Kerry,Obama,Obama,Clinton,Biden,Harris
035,"Administrative Liberal",Washington,Washington,Adams,Jefferson,Jefferson,Madison,Clinton,Monroe,Monroe,Adams,Adams,Clay,Van Buren,Harrison,Clay,Van Buren,ABSTAIN,Buchanan,Lincoln,Lincoln,Grant,Greeley,Tilden,Garfield,Cleveland,Cleveland,Cleveland,McKinley,McKinley,Roosevelt,Taft,Wilson,Wilson,Harding,Davis,Hoover,Roosevelt,Landon,Roosevelt,Roosevelt,Truman,Stevenson,Eisenhower,Kennedy,Johnson,Nixon,Nixon,Carter,Carter,Reagan,Dukakis,Clinton,Clinton,Gore,Kerry,Obama,Obama,Clinton,Biden,Harris
036,"Institutional Optimizer",Washington,Washington,Adams,Jefferson,Jefferson,Madison,Clinton,Monroe,Monroe,Adams,Adams,Clay,Van Buren,Harrison,Clay,Taylor,Scott,Buchanan,Lincoln,Lincoln,Grant,Greeley,Tilden,Garfield,Cleveland,Cleveland,Cleveland,McKinley,McKinley,Roosevelt,Taft,Wilson,Wilson,Harding,Coolidge,Hoover,Hoover,Landon,Willkie,Dewey,Truman,Eisenhower,Eisenhower,Nixon,Johnson,Humphrey,Nixon,Ford,Anderson,Reagan,Bush,Perot,Clinton,Gore,Kerry,McCain,Romney,Clinton,Biden,Harris
037,"Fabian Modernizer",Washington,Washington,Adams,Jefferson,Jefferson,Madison,Clinton,Monroe,Monroe,Adams,Adams,Clay,Van Buren,Harrison,Clay,Van Buren,Scott,Buchanan,Lincoln,Lincoln,Grant,Greeley,Tilden,Garfield,Cleveland,Cleveland,Cleveland,McKinley,McKinley,Roosevelt,Taft,Wilson,Wilson,Harding,Davis,Hoover,Roosevelt,ABSTAIN,Roosevelt,Roosevelt,Truman,Stevenson,Eisenhower,Kennedy,Johnson,Humphrey,Nixon,Carter,Anderson,Reagan,Bush,Clinton,Clinton,Gore,Kerry,Obama,Obama,Clinton,Biden,Harris
039,"Data-Driven Moderate",Washington,Washington,Adams,Adams,Jefferson,Madison,Clinton,Monroe,Monroe,Adams,Adams,Clay,Van Buren,Harrison,Clay,Taylor,Pierce,Buchanan,Douglas,Lincoln,Grant,Grant,Tilden,Garfield,Cleveland,Harrison,Cleveland,McKinley,McKinley,Roosevelt,Taft,Taft,Wilson,Harding,Coolidge,Hoover,Hoover,Landon,Willkie,Dewey,Dewey,Eisenhower,Eisenhower,Nixon,Johnson,Nixon,Nixon,Ford,Reagan,Reagan,Bush,Perot,Clinton,Gore,Bush,Obama,Romney,Clinton,Biden,Harris
040,"Reform Engineer",Washington,Washington,Adams,Jefferson,Jefferson,Madison,Madison,Monroe,Monroe,Clay,Adams,Clay,Van Buren,Harrison,Clay,Van Buren,Scott,ABSTAIN,Lincoln,Lincoln,Grant,Greeley,Tilden,Garfield,Cleveland,Cleveland,Cleveland,McKinley,McKinley,Roosevelt,Taft,Wilson,Wilson,Harding,Davis,Hoover,Hoover,Landon,Willkie,Roosevelt,Truman,Eisenhower,Eisenhower,Nixon,Johnson,Humphrey,Nixon,Carter,Anderson,Reagan,Dukakis,Clinton,Clinton,Gore,Kerry,McCain,Romney,Clinton,Biden,Harris
042,"Localist Progressive",Washington,Washington,Jefferson,Jefferson,Jefferson,Madison,Madison,Monroe,Monroe,Jackson,Jackson,Jackson,Harrison,Harrison,Polk,Taylor,Pierce,Buchanan,Douglas,Lincoln,Grant,Grant,Tilden,Hancock,Cleveland,Cleveland,Cleveland,Bryan,Bryan,Roosevelt,Bryan,Wilson,Wilson,Harding,Coolidge,Smith,Roosevelt,Roosevelt,Roosevelt,Roosevelt,Truman,Eisenhower,Eisenhower,Kennedy,Johnson,Humphrey,Nixon,Carter,Carter,Reagan,Dukakis,Clinton,Clinton,Gore,Bush,Obama,Obama,Clinton,Biden,Harris
043,"Neighborly Egalitarian",Washington,Washington,Jefferson,Jefferson,Jefferson,Madison,Madison,Monroe,Monroe,Jackson,Jackson,Jackson,Van Buren,Van Buren,Polk,Taylor,Pierce,Fremont,Lincoln,Lincoln,Grant,Grant,Tilden,Hancock,Cleveland,Cleveland,Cleveland,Bryan,Bryan,Parker,Bryan,Wilson,Wilson,Harding,Davis,Smith,Roosevelt,Roosevelt,Roosevelt,Roosevelt,Truman,Stevenson,Stevenson,Kennedy,Johnson,Humphrey,Nixon,Carter,Carter,Mondale,Bush,Clinton,Clinton,Bush,Kerry,Obama,Obama,Clinton,Biden,Harris
045,"Rooted Social Reformer",Washington,Washington,Adams,Jefferson,Jefferson,Madison,Clinton,Monroe,Monroe,Jackson,Jackson,Jackson,Harrison,Harrison,Polk,Taylor,Scott,Buchanan,Douglas,Lincoln,Grant,Greeley,Tilden,Hancock,Cleveland,Cleveland,Cleveland,McKinley,Bryan,Parker,Bryan,Wilson,Wilson,Harding,Coolidge,Hoover,Roosevelt,Roosevelt,Roosevelt,Roosevelt,Truman,Eisenhower,Eisenhower,Kennedy,Johnson,Nixon,Nixon,Carter,Carter,Reagan,Bush,Clinton,Clinton,Bush,Bush,Obama,Obama,Clinton,Biden,Harris
046,"Pastoral Leftist",Washington,Washington,Adams,Jefferson,Jefferson,Madison,Clinton,Monroe,Monroe,Jackson,Jackson,Jackson,Harrison,Harrison,Polk,Van Buren,ABSTAIN,Buchanan,Lincoln,Lincoln,Grant,Grant,Tilden,Hancock,Cleveland,Cleveland,Cleveland,Bryan,McKinley,Roosevelt,Bryan,Roosevelt,Wilson,Harding,Coolidge,Hoover,Roosevelt,Roosevelt,Roosevelt,Roosevelt,Dewey,Eisenhower,Eisenhower,Kennedy,Johnson,Nixon,Nixon,Carter,Reagan,Reagan,Bush,Clinton,Dole,Bush,Bush,Obama,Obama,Clinton,Biden,Trump
047,"Common-Life Reformer",Washington,Washington,Adams,Jefferson,Jefferson,Madison,Madison,Monroe,Monroe,Jackson,Jackson,Jackson,Harrison,Van Buren,Polk,Taylor,Pierce,Buchanan,Douglas,Lincoln,Grant,Greeley,Tilden,Hancock,Cleveland,Cleveland,Cleveland,McKinley,Bryan,Parker,Taft,Wilson,Wilson,Harding,Coolidge,Hoover,Roosevelt,Roosevelt,Roosevelt,Roosevelt,Truman,Eisenhower,Eisenhower,Kennedy,Johnson,Humphrey,Nixon,Carter,Carter,Mondale,Bush,Clinton,Clinton,Gore,Kerry,Obama,Obama,Clinton,Biden,Harris
048,"Solidaristic Localist",Washington,Washington,Jefferson,Jefferson,Jefferson,Madison,Madison,Monroe,Monroe,Jackson,Jackson,Jackson,Van Buren,Harrison,Polk,Taylor,Pierce,Buchanan,Douglas,Lincoln,Grant,Grant,Tilden,Hancock,Blaine,Harrison,Cleveland,Bryan,Bryan,Roosevelt,Bryan,Wilson,Wilson,Harding,Coolidge,Smith,Roosevelt,Roosevelt,Roosevelt,Roosevelt,Truman,Eisenhower,Eisenhower,Kennedy,Johnson,Humphrey,Nixon,Carter,Carter,Reagan,Dukakis,Clinton,Clinton,Gore,Bush,Obama,Obama,Clinton,Biden,Harris
049,"Paternal Egalitarian",Washington,Washington,Adams,Jefferson,Jefferson,Madison,Madison,Monroe,Monroe,Jackson,Jackson,Jackson,Van Buren,Van Buren,Polk,Van Buren,ABSTAIN,Fremont,Lincoln,Lincoln,Grant,Greeley,Tilden,Hancock,Cleveland,Cleveland,Cleveland,Bryan,Bryan,Parker,Bryan,Wilson,Wilson,Harding,Davis,Smith,Roosevelt,Roosevelt,Roosevelt,Roosevelt,Truman,Stevenson,Stevenson,Kennedy,Johnson,Humphrey,Nixon,Carter,Carter,Mondale,Bush,Clinton,Dole,Bush,Bush,Obama,Obama,Clinton,Biden,Harris
050,"Religious Leftist",Washington,Washington,Adams,ABSTAIN,Jefferson,Madison,Madison,Monroe,Monroe,Jackson,Jackson,Jackson,Harrison,Harrison,Polk,Van Buren,ABSTAIN,Buchanan,Lincoln,Lincoln,Grant,Grant,Tilden,Hancock,Cleveland,Cleveland,Cleveland,Bryan,Bryan,Roosevelt,Bryan,Roosevelt,Wilson,Harding,Coolidge,Hoover,Roosevelt,Roosevelt,Roosevelt,Roosevelt,Truman,Eisenhower,Eisenhower,Nixon,Johnson,Nixon,Nixon,Carter,Carter,Reagan,Bush,Clinton,Dole,Bush,Bush,Obama,Obama,Trump,Biden,Trump
051,"Ecological Localist",Washington,Washington,Jefferson,Jefferson,Jefferson,Madison,Madison,Monroe,Monroe,Jackson,Jackson,Jackson,Van Buren,Harrison,Polk,Van Buren,Pierce,Fremont,Douglas,Lincoln,Grant,Greeley,Tilden,Hancock,Cleveland,Cleveland,Weaver,Bryan,Bryan,Roosevelt,Bryan,Wilson,Wilson,Harding,Davis,Hoover,Roosevelt,Roosevelt,Roosevelt,Roosevelt,Truman,Stevenson,Stevenson,Kennedy,Johnson,Humphrey,Nixon,Carter,Carter,Mondale,Bush,Clinton,Clinton,Bush,Bush,Obama,Obama,Clinton,Biden,Harris
052,"Distributist Localist",Washington,Washington,Adams,ABSTAIN,Jefferson,Madison,Clinton,Monroe,Monroe,Jackson,Jackson,Jackson,Van Buren,Harrison,Polk,Taylor,Scott,Buchanan,Douglas,McClellan,Grant,Greeley,Tilden,Hancock,Cleveland,Cleveland,Cleveland,Bryan,Bryan,Parker,Taft,Wilson,Wilson,Harding,Coolidge,Hoover,Roosevelt,Roosevelt,Roosevelt,Roosevelt,Truman,Eisenhower,Eisenhower,Nixon,Johnson,Nixon,Nixon,Carter,Carter,Mondale,Bush,Clinton,Dole,Gore,Bush,Obama,Obama,Clinton,Biden,Trump
053,"Consensus Builder",Washington,Washington,Adams,ABSTAIN,Jefferson,Madison,Clinton,Monroe,Monroe,Clay,Adams,Clay,Van Buren,Harrison,Clay,Taylor,Scott,Buchanan,Bell,Lincoln,Grant,Greeley,Hayes,Garfield,Cleveland,Cleveland,Cleveland,McKinley,McKinley,Roosevelt,Taft,Taft,Wilson,Harding,Coolidge,Hoover,Hoover,Landon,Willkie,Roosevelt,Dewey,Eisenhower,Eisenhower,Nixon,Johnson,Nixon,Nixon,Ford,Reagan,Reagan,Bush,Bush,Clinton,Gore,Kerry,McCain,Obama,Clinton,Biden,Harris
054,"Arbiter Moderate",Washington,Washington,Adams,Jefferson,Jefferson,Madison,Clinton,Monroe,Monroe,Adams,Adams,Clay,Van Buren,Harrison,Clay,Taylor,ABSTAIN,Buchanan,Lincoln,Lincoln,Grant,Grant,Tilden,Garfield,Cleveland,Cleveland,Cleveland,McKinley,McKinley,Roosevelt,Taft,Wilson,Wilson,Harding,Coolidge,Hoover,Hoover,Landon,Willkie,Roosevelt,Truman,Eisenhower,Eisenhower,Kennedy,Johnson,Nixon,Nixon,Carter,Anderson,Reagan,Bush,Bush,Clinton,Bush,Kerry,Obama,Romney,Clinton,Biden,Harris
055,"Halifax Moderate",Washington,Washington,Adams,Jefferson,Jefferson,Madison,Madison,Monroe,Monroe,Clay,Adams,Jackson,Harrison,Harrison,Clay,Taylor,Pierce,Buchanan,Douglas,Lincoln,Grant,Greeley,Tilden,Garfield,Cleveland,Harrison,Cleveland,McKinley,McKinley,Roosevelt,Taft,Wilson,Wilson,Harding,Coolidge,Hoover,Roosevelt,Roosevelt,Roosevelt,Roosevelt,Dewey,Eisenhower,Eisenhower,Kennedy,Johnson,Humphrey,Nixon,Carter,Anderson,Reagan,Bush,Clinton,Clinton,Gore,Kerry,Obama,Obama,Clinton,Biden,Harris
056,"Institutional Centrist",Washington,Washington,Adams,Jefferson,Jefferson,Madison,Clinton,Monroe,Monroe,Clay,Adams,Jackson,Van Buren,Harrison,Clay,Taylor,Scott,Buchanan,Douglas,Lincoln,Grant,Grant,Tilden,Hancock,Cleveland,Cleveland,Cleveland,McKinley,McKinley,Roosevelt,Taft,Wilson,Wilson,Harding,Coolidge,Hoover,Roosevelt,Roosevelt,Roosevelt,Roosevelt,Truman,Eisenhower,Eisenhower,Kennedy,Johnson,Nixon,Nixon,Carter,Reagan,Reagan,Bush,Bush,Clinton,Gore,Kerry,Obama,Obama,Clinton,Biden,Harris
057,"Temperate Pluralist",Washington,Washington,Adams,Jefferson,Jefferson,Madison,Clinton,Monroe,Monroe,Clay,Adams,Clay,Van Buren,Harrison,Clay,Taylor,Scott,Buchanan,Lincoln,Lincoln,Grant,Grant,Tilden,Garfield,Cleveland,Harrison,Cleveland,McKinley,McKinley,Roosevelt,Taft,Wilson,Wilson,Harding,Davis,Hoover,Hoover,Landon,Roosevelt,Roosevelt,Truman,Stevenson,Eisenhower,Kennedy,Johnson,Humphrey,Nixon,Carter,Anderson,Reagan,Bush,Bush,Clinton,Gore,Kerry,Obama,Obama,Clinton,Biden,Harris
059,"Public-Minded Moderate",Washington,Washington,Adams,Adams,Jefferson,Madison,Clinton,Monroe,Monroe,Clay,Adams,Clay,Van Buren,Harrison,Clay,Van Buren,Scott,Buchanan,Lincoln,Lincoln,Grant,Grant,Tilden,Garfield,Cleveland,Harrison,Cleveland,McKinley,McKinley,Roosevelt,Taft,Taft,Wilson,Harding,Coolidge,Hoover,Hoover,Landon,Roosevelt,Roosevelt,Truman,Eisenhower,Eisenhower,Nixon,Johnson,Nixon,Nixon,Ford,Reagan,Reagan,Bush,Bush,Dole,Bush,Kerry,McCain,Romney,Clinton,Biden,Harris
060,"Hinge Citizen",Washington,Washington,Adams,Adams,Jefferson,Madison,Madison,Monroe,Monroe,Adams,Adams,Jackson,Van Buren,Harrison,Clay,Taylor,Pierce,Buchanan,Bell,Lincoln,Grant,Grant,Tilden,Garfield,Cleveland,Harrison,Cleveland,McKinley,McKinley,Roosevelt,Taft,Wilson,Wilson,Harding,Coolidge,Hoover,Roosevelt,Roosevelt,Roosevelt,Roosevelt,Dewey,Eisenhower,Eisenhower,Nixon,Johnson,Nixon,Nixon,Ford,Reagan,Reagan,Bush,Bush,Clinton,Bush,Bush,Obama,Obama,Clinton,Biden,Harris
061,"Millian Liberal",Washington,Washington,Jefferson,Jefferson,Jefferson,Madison,Clinton,Monroe,Monroe,Adams,Adams,Clay,Van Buren,Harrison,Clay,Taylor,ABSTAIN,ABSTAIN,Lincoln,Lincoln,Grant,Grant,Tilden,Garfield,Cleveland,Cleveland,Harrison,McKinley,McKinley,Roosevelt,Taft,Taft,Wilson,Harding,Coolidge,Hoover,Hoover,Landon,Roosevelt,Roosevelt,Truman,Eisenhower,Eisenhower,Kennedy,Johnson,Nixon,Nixon,Carter,Anderson,Reagan,Bush,Bush,Clinton,Bush,Kerry,Obama,Romney,Clinton,Biden,Harris
062,"Meritocratic Liberal",Washington,Washington,Adams,Adams,Pinckney,Madison,Clinton,King,Monroe,Adams,Adams,Clay,Harrison,Harrison,Clay,Taylor,Scott,Buchanan,Bell,Lincoln,Grant,Greeley,Tilden,Garfield,Cleveland,Cleveland,Harrison,McKinley,McKinley,Roosevelt,Taft,Taft,Hughes,Harding,Coolidge,Hoover,Hoover,Landon,Willkie,Dewey,Dewey,Eisenhower,Eisenhower,Nixon,Goldwater,Humphrey,Nixon,Ford,Anderson,Reagan,Bush,Bush,Clinton,Gore,Kerry,McCain,Romney,Clinton,Biden,ABSTAIN
063,"Enterprise Pluralist",Washington,Washington,Adams,ABSTAIN,Jefferson,Madison,Clinton,Monroe,Monroe,Clay,Adams,Clay,Harrison,Harrison,Clay,Taylor,Scott,Buchanan,Lincoln,Lincoln,Grant,Greeley,Hayes,Garfield,Cleveland,Cleveland,Harrison,McKinley,McKinley,Roosevelt,Taft,Wilson,Hughes,Harding,Coolidge,Hoover,Hoover,Landon,Willkie,Dewey,Dewey,Eisenhower,Eisenhower,Nixon,Goldwater,Nixon,Nixon,Ford,Reagan,Reagan,Bush,Clinton,Clinton,Bush,ABSTAIN,Obama,Romney,Clinton,Biden,ABSTAIN
064,"Market Optimist",Washington,Washington,Jefferson,ABSTAIN,Jefferson,Madison,Clinton,Monroe,Monroe,Clay,Adams,Clay,Van Buren,Harrison,Clay,Taylor,Scott,Buchanan,Douglas,Lincoln,Grant,Grant,Tilden,Garfield,Cleveland,Cleveland,Harrison,McKinley,McKinley,Roosevelt,Taft,Taft,Wilson,Harding,Coolidge,Hoover,Hoover,Landon,Willkie,Roosevelt,Dewey,Eisenhower,Eisenhower,Kennedy,Johnson,Humphrey,Nixon,Carter,Reagan,Reagan,Bush,Clinton,Clinton,Gore,Kerry,Obama,Romney,Clinton,Biden,ABSTAIN
065,"Opportunity Liberal",Washington,Washington,Jefferson,Jefferson,Jefferson,Madison,Madison,Monroe,Monroe,Jackson,Jackson,Jackson,Van Buren,ABSTAIN,Polk,Van Buren,ABSTAIN,Fremont,Lincoln,Lincoln,Grant,Grant,ABSTAIN,Garfield,Blaine,Cleveland,Cleveland,McKinley,McKinley,Roosevelt,Bryan,Roosevelt,Wilson,Cox,Coolidge,Hoover,Roosevelt,Roosevelt,Roosevelt,Roosevelt,Truman,Stevenson,Stevenson,Kennedy,Johnson,Humphrey,Nixon,Carter,Reagan,Reagan,Bush,Clinton,Clinton,Gore,Kerry,Obama,Obama,Clinton,Biden,Harris
067,"Free-Exchange Modernist",ABSTAIN,ABSTAIN,Jefferson,ABSTAIN,Jefferson,Madison,Madison,Monroe,Monroe,ABSTAIN,ABSTAIN,ABSTAIN,Van Buren,ABSTAIN,Clay,Van Buren,ABSTAIN,ABSTAIN,Lincoln,Lincoln,Grant,Grant,ABSTAIN,Garfield,Blaine,Harrison,ABSTAIN,ABSTAIN,McKinley,Roosevelt,Taft,Taft,ABSTAIN,Harding,Coolidge,Hoover,ABSTAIN,ABSTAIN,Roosevelt,Roosevelt,Truman,Stevenson,Stevenson,Kennedy,ABSTAIN,Humphrey,McGovern,ABSTAIN,Reagan,Reagan,Bush,Clinton,Clinton,Bush,ABSTAIN,Obama,Romney,Clinton,ABSTAIN,ABSTAIN
069,"Bleeding-Heart Libertarian",ABSTAIN,ABSTAIN,Jefferson,Jefferson,Jefferson,Madison,Madison,ABSTAIN,ABSTAIN,Jackson,Jackson,Jackson,Van Buren,ABSTAIN,Polk,Van Buren,ABSTAIN,Fremont,Lincoln,Lincoln,Grant,Grant,ABSTAIN,ABSTAIN,Cleveland,Cleveland,Cleveland,ABSTAIN,McKinley,Roosevelt,Taft,Roosevelt,Wilson,Cox,La Follette,Hoover,Hoover,ABSTAIN,Roosevelt,Roosevelt,Truman,Eisenhower,Eisenhower,Kennedy,Goldwater,Nixon,Nixon,ABSTAIN,Reagan,Reagan,Bush,Clinton,Clinton,Bush,ABSTAIN,Obama,Romney,Clinton,ABSTAIN,ABSTAIN
070,"Burkean Steward",Washington,Washington,Adams,Adams,Pinckney,Pinckney,Clinton,King,Monroe,Clay,Adams,Clay,Harrison,Harrison,Clay,Taylor,Pierce,Buchanan,Bell,McClellan,Grant,Grant,Tilden,Garfield,Cleveland,Harrison,Harrison,McKinley,McKinley,Roosevelt,Taft,Taft,Hughes,Harding,Coolidge,Hoover,Hoover,Landon,Willkie,Dewey,Dewey,Eisenhower,Eisenhower,Nixon,Goldwater,Nixon,Nixon,Ford,Reagan,Reagan,Bush,Bush,Dole,Bush,Bush,McCain,Obama,Clinton,Biden,Trump
071,"Constitutional Conservative",Washington,Washington,Adams,Adams,Pinckney,Pinckney,Clinton,King,Monroe,Adams,Adams,Clay,Van Buren,Harrison,Clay,Taylor,Pierce,Buchanan,Bell,McClellan,Seymour,Grant,Hayes,Garfield,Cleveland,Harrison,Harrison,McKinley,McKinley,Roosevelt,Taft,Taft,Hughes,Harding,Coolidge,Hoover,Hoover,Landon,Willkie,Dewey,Dewey,Eisenhower,Eisenhower,Nixon,Goldwater,Nixon,Nixon,Ford,Reagan,Reagan,Bush,Bush,Dole,Bush,Bush,McCain,Romney,Trump,Biden,Trump
072,"Blackstone Conservative",Washington,Washington,Adams,Adams,Pinckney,Pinckney,Clinton,King,Monroe,Clay,Adams,Clay,Harrison,Harrison,Clay,Taylor,ABSTAIN,Buchanan,Lincoln,Lincoln,Grant,Greeley,Tilden,Garfield,Cleveland,Harrison,Harrison,McKinley,McKinley,Roosevelt,Taft,Taft,Hughes,Harding,Coolidge,Hoover,Hoover,Landon,Willkie,Dewey,Dewey,Eisenhower,Eisenhower,Nixon,Goldwater,Nixon,Nixon,Ford,Reagan,Reagan,Bush,Bush,Dole,Bush,Bush,McCain,Romney,Clinton,Biden,Trump
073,"Civic Traditionalist",Washington,Washington,Adams,Adams,Pinckney,Pinckney,Clinton,King,Monroe,Clay,Adams,Clay,Van Buren,Harrison,Clay,Taylor,Scott,Fillmore,Bell,McClellan,Seymour,Grant,Hayes,Garfield,Blaine,Harrison,Harrison,McKinley,McKinley,Roosevelt,Taft,Taft,Hughes,Harding,Coolidge,Hoover,Hoover,Landon,Roosevelt,Dewey,Dewey,Eisenhower,Eisenhower,Nixon,Goldwater,Nixon,Nixon,Ford,Reagan,Reagan,Bush,Bush,Dole,Bush,Bush,McCain,Romney,Trump,Trump,Trump
074,"Responsible Conservative",Washington,Washington,Adams,Adams,Pinckney,Pinckney,Madison,Monroe,Monroe,Clay,Adams,Clay,Van Buren,Harrison,Clay,Taylor,Scott,Buchanan,Bell,McClellan,Grant,Greeley,Tilden,Garfield,Cleveland,Harrison,Harrison,McKinley,McKinley,Roosevelt,Taft,Taft,Hughes,Harding,Coolidge,Hoover,Hoover,Landon,Willkie,Dewey,Dewey,Eisenhower,Eisenhower,Nixon,Johnson,Nixon,Nixon,Ford,Reagan,Reagan,Bush,Bush,Dole,Bush,Bush,McCain,Romney,Clinton,Biden,Trump
075,"Institutional Conservative",Washington,Washington,Adams,Adams,Pinckney,Pinckney,Clinton,King,Monroe,Clay,Adams,Clay,Van Buren,Harrison,Clay,Taylor,Pierce,Buchanan,Bell,McClellan,Seymour,Grant,Hayes,Garfield,Cleveland,Harrison,Harrison,McKinley,McKinley,Roosevelt,Taft,Taft,Hughes,Harding,Coolidge,Hoover,Hoover,Landon,Willkie,Dewey,Dewey,Eisenhower,Eisenhower,Nixon,Goldwater,Nixon,Nixon,Ford,Reagan,Reagan,Bush,Bush,Dole,Bush,Bush,McCain,Romney,Trump,Biden,Trump
076,"Fiscal Gradualist",Washington,Washington,Adams,Adams,Pinckney,Pinckney,Clinton,King,Monroe,Clay,Adams,Clay,Van Buren,Harrison,Polk,Taylor,Scott,Buchanan,Bell,McClellan,Grant,Grant,Tilden,Garfield,Blaine,Harrison,Harrison,McKinley,McKinley,Roosevelt,Taft,Taft,Hughes,Harding,Coolidge,Hoover,Hoover,Landon,Willkie,Dewey,Dewey,Eisenhower,Eisenhower,Nixon,Johnson,Nixon,Nixon,Ford,Reagan,Reagan,Bush,Bush,Dole,Bush,Bush,McCain,Romney,Clinton,Biden,Trump
077,"Ordered Libertarian",ABSTAIN,ABSTAIN,Adams,Adams,Pinckney,Pinckney,Clinton,King,ABSTAIN,Adams,Adams,Clay,Van Buren,Harrison,Clay,Taylor,Pierce,Buchanan,Bell,McClellan,Grant,Grant,Tilden,Garfield,Blaine,Harrison,Harrison,McKinley,McKinley,Roosevelt,Taft,Taft,Hughes,ABSTAIN,Coolidge,Hoover,Hoover,Landon,Willkie,Roosevelt,Dewey,Eisenhower,Eisenhower,Nixon,Goldwater,Nixon,Nixon,Ford,Reagan,Reagan,Bush,Bush,Dole,Bush,Bush,McCain,Romney,Clinton,Trump,Trump
078,"Meritocratic Conservative",Washington,Washington,Adams,Adams,Pinckney,Pinckney,Madison,King,Monroe,Clay,Adams,Clay,Van Buren,Harrison,Clay,Taylor,Pierce,Buchanan,Lincoln,McClellan,Grant,Grant,Tilden,Garfield,Cleveland,Harrison,Harrison,McKinley,McKinley,Roosevelt,Taft,Taft,Hughes,Harding,Coolidge,Hoover,Hoover,Landon,Willkie,Dewey,Dewey,Eisenhower,Eisenhower,Nixon,Goldwater,Nixon,Nixon,Ford,Reagan,Reagan,Bush,Bush,Dole,Bush,Bush,McCain,Romney,Clinton,Biden,Trump
079,"National Developmentalist",Washington,Washington,Adams,Adams,Pinckney,Pinckney,Clinton,King,ABSTAIN,Clay,Jackson,Jackson,Van Buren,Harrison,Polk,Taylor,Pierce,Buchanan,Breckinridge,McClellan,Seymour,Greeley,Tilden,Garfield,Blaine,Harrison,Harrison,McKinley,McKinley,Roosevelt,Taft,Taft,Hughes,Harding,Coolidge,Hoover,Roosevelt,Roosevelt,Willkie,Dewey,Dewey,Eisenhower,Eisenhower,Nixon,Johnson,Nixon,Nixon,Ford,Reagan,Reagan,Bush,Bush,Dole,Bush,Bush,McCain,Obama,Clinton,Trump,Trump
080,"Chestertonian Traditionalist",Washington,Washington,Adams,Adams,Pinckney,Pinckney,Clinton,King,Monroe,Crawford,Adams,Jackson,Van Buren,Harrison,Polk,Taylor,Pierce,Buchanan,Bell,McClellan,Seymour,Greeley,Tilden,Garfield,Cleveland,Harrison,Harrison,McKinley,McKinley,Parker,Taft,Taft,Hughes,Harding,Coolidge,Hoover,Hoover,Landon,Willkie,Dewey,Dewey,Eisenhower,Eisenhower,Nixon,Johnson,Nixon,Nixon,Ford,Reagan,Reagan,Bush,Bush,Dole,Bush,Bush,McCain,Obama,Clinton,Trump,Trump
081,"Heritage Guardian",ABSTAIN,ABSTAIN,Adams,Adams,Pinckney,Pinckney,Clinton,King,ABSTAIN,Jackson,Jackson,Jackson,Van Buren,Harrison,Polk,Taylor,Pierce,Fillmore,Breckinridge,McClellan,Seymour,ABSTAIN,Tilden,Garfield,Blaine,Harrison,Weaver,Bryan,Bryan,Roosevelt,Taft,Taft,Hughes,Harding,ABSTAIN,ABSTAIN,Roosevelt,Roosevelt,Willkie,Dewey,Thurmond,Eisenhower,ABSTAIN,Nixon,Johnson,Nixon,Nixon,Carter,Reagan,Reagan,Bush,Bush,Dole,Bush,Bush,McCain,Obama,Trump,Trump,Trump
082,"Altar-and-Hearth Conservative",Washington,Washington,Jefferson,Adams,Pinckney,Pinckney,Clinton,King,ABSTAIN,Jackson,Jackson,Jackson,Van Buren,Harrison,Polk,Taylor,Pierce,Fillmore,Breckinridge,McClellan,Seymour,Grant,Tilden,Garfield,Blaine,Harrison,Harrison,Bryan,McKinley,Roosevelt,Bryan,Taft,Hughes,Harding,Coolidge,Hoover,Hoover,Landon,Willkie,Dewey,Thurmond,Eisenhower,Eisenhower,Nixon,Goldwater,Nixon,Nixon,Ford,Reagan,Reagan,Bush,Bush,Dole,Bush,Bush,McCain,Romney,Trump,Trump,Trump
083,"Sacred-Order Defender",Washington,Washington,Adams,Adams,Pinckney,Pinckney,Clinton,King,ABSTAIN,Jackson,Jackson,Jackson,Van Buren,Harrison,Polk,Taylor,Pierce,Fillmore,Breckinridge,McClellan,Seymour,Grant,Tilden,Garfield,Blaine,Harrison,Harrison,McKinley,Bryan,Roosevelt,Bryan,Taft,Hughes,Harding,Coolidge,Hoover,Hoover,Landon,Willkie,Dewey,Thurmond,Eisenhower,ABSTAIN,Nixon,Goldwater,Wallace,Nixon,Carter,Reagan,Reagan,Bush,Perot,Dole,Bush,Bush,McCain,Romney,Trump,Trump,Trump
084,"Civilizational Conservative",ABSTAIN,ABSTAIN,Adams,Adams,Pinckney,Pinckney,Madison,King,ABSTAIN,Jackson,Jackson,Jackson,Van Buren,Harrison,Polk,Taylor,Pierce,Fillmore,Breckinridge,McClellan,Seymour,ABSTAIN,Tilden,Garfield,Blaine,Harrison,Weaver,Bryan,Bryan,Roosevelt,Bryan,Wilson,Hughes,Harding,ABSTAIN,Hoover,Roosevelt,Roosevelt,Willkie,Dewey,Thurmond,Eisenhower,ABSTAIN,Nixon,Johnson,Nixon,Nixon,Carter,Reagan,Reagan,Bush,Clinton,Dole,Bush,Bush,McCain,Obama,Trump,Trump,Trump
085,"Customary Localist",Washington,Washington,Adams,Adams,Pinckney,Pinckney,Clinton,King,Monroe,Adams,Adams,Jackson,Harrison,Harrison,Polk,Taylor,Pierce,Fillmore,Breckinridge,McClellan,Seymour,Grant,Tilden,Garfield,Blaine,Harrison,Harrison,McKinley,McKinley,Roosevelt,Taft,Taft,Hughes,Harding,Coolidge,Hoover,Hoover,Landon,Willkie,Dewey,Dewey,Eisenhower,Eisenhower,Nixon,Goldwater,Nixon,Nixon,Ford,Reagan,Reagan,Bush,Bush,Dole,Bush,Bush,McCain,Romney,Trump,Trump,Trump
086,"Duty Traditionalist",Washington,Washington,Adams,Adams,Pinckney,Pinckney,Clinton,King,Monroe,Jackson,Jackson,Jackson,Van Buren,Harrison,Polk,Taylor,Pierce,Buchanan,Douglas,Lincoln,Grant,Grant,Tilden,Garfield,Cleveland,Harrison,Harrison,McKinley,McKinley,Roosevelt,Taft,Taft,Hughes,Harding,Coolidge,Hoover,Hoover,Landon,Willkie,Dewey,Dewey,Eisenhower,Eisenhower,Nixon,Goldwater,Nixon,Nixon,Carter,Reagan,Reagan,Bush,Bush,Dole,Bush,Bush,McCain,Romney,Clinton,Biden,Trump
087,"Continuity Conservative",Washington,Washington,Adams,Adams,Pinckney,Pinckney,Clinton,King,Monroe,Jackson,Jackson,Jackson,Harrison,Harrison,Polk,Taylor,Pierce,Fillmore,Breckinridge,McClellan,Seymour,Greeley,Tilden,Garfield,Cleveland,Cleveland,Cleveland,McKinley,McKinley,Roosevelt,Taft,Wilson,Hughes,Harding,Coolidge,Hoover,Hoover,Landon,Willkie,Dewey,Thurmond,Eisenhower,Eisenhower,Nixon,Johnson,Nixon,Nixon,Carter,Carter,Reagan,Bush,Clinton,Dole,Bush,Bush,McCain,Obama,Trump,Trump,Trump
088,"Gentle Traditionalist",Washington,Washington,Adams,Adams,Jefferson,Madison,Clinton,King,Monroe,Jackson,Jackson,Jackson,Van Buren,Harrison,Polk,Taylor,Pierce,Buchanan,Bell,McClellan,Seymour,Greeley,Tilden,Hancock,Blaine,Harrison,Cleveland,McKinley,McKinley,Roosevelt,Taft,Wilson,Hughes,Harding,Coolidge,Hoover,Roosevelt,Roosevelt,Roosevelt,Dewey,Dewey,Eisenhower,Eisenhower,Nixon,Johnson,Nixon,Nixon,Carter,Reagan,Reagan,Bush,Clinton,Dole,Bush,Bush,McCain,Obama,Clinton,Trump,Trump
089,"Integral Traditionalist",ABSTAIN,ABSTAIN,Adams,Adams,Pinckney,Pinckney,Madison,King,ABSTAIN,Clay,Jackson,Jackson,Van Buren,Harrison,Polk,Taylor,Pierce,Fillmore,Breckinridge,McClellan,Seymour,ABSTAIN,Hayes,Garfield,Blaine,Harrison,Harrison,McKinley,McKinley,Roosevelt,Taft,Taft,Hughes,Harding,Coolidge,Hoover,Hoover,Landon,Willkie,Dewey,Dewey,Eisenhower,Eisenhower,Nixon,Goldwater,Nixon,Nixon,Ford,Reagan,Reagan,Bush,Bush,Dole,Bush,Bush,McCain,Romney,Trump,Trump,Trump
090,"Hobbesian Guardian",ABSTAIN,ABSTAIN,Adams,Adams,Pinckney,Pinckney,Clinton,King,ABSTAIN,Crawford,Adams,Jackson,Van Buren,Harrison,Polk,Taylor,Pierce,Fillmore,Breckinridge,McClellan,Seymour,ABSTAIN,Hayes,Garfield,Cleveland,Harrison,Harrison,McKinley,McKinley,ABSTAIN,Taft,Taft,Hughes,Harding,ABSTAIN,ABSTAIN,Hoover,Landon,Willkie,Dewey,Thurmond,Eisenhower,ABSTAIN,Nixon,Goldwater,Nixon,Nixon,ABSTAIN,Reagan,Mondale,Bush,Bush,Dole,ABSTAIN,Bush,McCain,Obama,Trump,Trump,Trump
091,"Security Paternalist",Washington,Washington,Adams,Adams,Pinckney,Pinckney,Madison,King,ABSTAIN,Jackson,Jackson,Jackson,Van Buren,Harrison,Polk,Taylor,Pierce,Fillmore,Breckinridge,McClellan,Seymour,Grant,Tilden,Garfield,Blaine,Harrison,Weaver,McKinley,McKinley,Roosevelt,Taft,Wilson,Hughes,Harding,Coolidge,Hoover,Roosevelt,Roosevelt,Roosevelt,Dewey,Dewey,Eisenhower,ABSTAIN,Nixon,Johnson,Nixon,Nixon,Ford,Reagan,Mondale,Bush,Bush,Dole,Bush,Bush,McCain,Obama,Clinton,Trump,Trump
092,"Disciplined Majoritarian",ABSTAIN,ABSTAIN,Adams,Adams,Pinckney,Pinckney,Madison,King,ABSTAIN,Jackson,Jackson,Jackson,Van Buren,Harrison,Polk,ABSTAIN,Pierce,Fillmore,Breckinridge,McClellan,Seymour,Grant,Tilden,Hancock,Blaine,Harrison,Weaver,McKinley,Bryan,Roosevelt,Bryan,Wilson,Hughes,Cox,ABSTAIN,Smith,Roosevelt,Roosevelt,Roosevelt,Dewey,Thurmond,Eisenhower,ABSTAIN,Nixon,Johnson,Nixon,Nixon,Ford,Reagan,Mondale,Bush,Bush,Dole,Bush,Bush,McCain,Obama,Clinton,Trump,Trump
093,"Stability-First Voter",ABSTAIN,ABSTAIN,Adams,Adams,Pinckney,Pinckney,Madison,King,ABSTAIN,Jackson,Jackson,Jackson,Van Buren,Harrison,Polk,Taylor,Pierce,Fillmore,Breckinridge,McClellan,Seymour,Grant,Tilden,Garfield,Cleveland,Harrison,Weaver,McKinley,McKinley,Roosevelt,Taft,Wilson,Hughes,Harding,ABSTAIN,Hoover,Roosevelt,Roosevelt,Roosevelt,Dewey,Thurmond,Eisenhower,ABSTAIN,Nixon,Johnson,Nixon,Nixon,Carter,Carter,Mondale,Bush,Perot,Dole,Bush,Bush,McCain,Obama,Clinton,Trump,Trump
094,"Hard-State Manager",ABSTAIN,ABSTAIN,Adams,Adams,Pinckney,Pinckney,Clinton,King,ABSTAIN,Jackson,Jackson,Jackson,Van Buren,Harrison,Polk,Taylor,Pierce,Fillmore,Breckinridge,McClellan,Seymour,ABSTAIN,Tilden,Garfield,Cleveland,Cleveland,Weaver,McKinley,Bryan,ABSTAIN,Taft,Wilson,Hughes,ABSTAIN,ABSTAIN,Hoover,Roosevelt,Roosevelt,Willkie,Dewey,Thurmond,Eisenhower,ABSTAIN,Nixon,Johnson,Nixon,Nixon,Carter,Carter,Mondale,Bush,Perot,Dole,Gore,Bush,McCain,Obama,Clinton,Trump,Trump
095,"Emergency Orderist",ABSTAIN,ABSTAIN,Adams,Adams,Pinckney,ABSTAIN,Madison,King,ABSTAIN,Jackson,Jackson,Jackson,Van Buren,Harrison,Polk,Taylor,Pierce,Fillmore,Breckinridge,McClellan,Seymour,ABSTAIN,Tilden,ABSTAIN,Cleveland,Harrison,Weaver,Bryan,Bryan,ABSTAIN,Bryan,Wilson,Hughes,ABSTAIN,ABSTAIN,ABSTAIN,ABSTAIN,ABSTAIN,ABSTAIN,Dewey,Thurmond,ABSTAIN,ABSTAIN,Nixon,Johnson,Nixon,Nixon,ABSTAIN,Reagan,Mondale,ABSTAIN,Perot,ABSTAIN,ABSTAIN,Bush,McCain,Obama,Clinton,Trump,Trump
096,"Civic Disciplinarian",Washington,Washington,Adams,Adams,Pinckney,Pinckney,Clinton,King,ABSTAIN,Jackson,Jackson,Jackson,Van Buren,Harrison,Polk,Taylor,Pierce,Buchanan,Douglas,McClellan,Seymour,Greeley,Tilden,Garfield,Cleveland,Harrison,Weaver,McKinley,McKinley,Roosevelt,Taft,Wilson,Hughes,Harding,Davis,Hoover,Roosevelt,Roosevelt,Willkie,Dewey,Dewey,Eisenhower,Eisenhower,Nixon,Johnson,Nixon,Nixon,Carter,Carter,Mondale,Bush,Bush,Dole,Gore,Bush,McCain,Obama,Clinton,Biden,Trump
097,"Authority Pragmatist",Washington,Washington,Adams,Adams,Pinckney,Pinckney,Clinton,King,ABSTAIN,Crawford,Jackson,Jackson,Van Buren,Harrison,Polk,Taylor,Pierce,Fillmore,Breckinridge,McClellan,Seymour,Greeley,Hayes,Garfield,Blaine,Harrison,Harrison,McKinley,McKinley,ABSTAIN,Taft,Taft,Hughes,Harding,ABSTAIN,Hoover,Roosevelt,Roosevelt,Willkie,Dewey,Dewey,Eisenhower,ABSTAIN,Nixon,Johnson,Nixon,Nixon,Ford,Reagan,Mondale,Bush,Bush,Dole,Bush,Bush,McCain,Obama,Clinton,Trump,Trump
098,"Anti-Elite Populist",ABSTAIN,ABSTAIN,Jefferson,ABSTAIN,ABSTAIN,ABSTAIN,ABSTAIN,ABSTAIN,ABSTAIN,Jackson,Jackson,Jackson,Harrison,Harrison,Polk,Taylor,Pierce,Fillmore,Breckinridge,ABSTAIN,Seymour,ABSTAIN,ABSTAIN,ABSTAIN,ABSTAIN,ABSTAIN,Weaver,Bryan,Bryan,ABSTAIN,Bryan,ABSTAIN,ABSTAIN,ABSTAIN,ABSTAIN,ABSTAIN,ABSTAIN,ABSTAIN,ABSTAIN,ABSTAIN,Thurmond,ABSTAIN,ABSTAIN,ABSTAIN,ABSTAIN,Wallace,Nixon,ABSTAIN,ABSTAIN,ABSTAIN,ABSTAIN,Perot,ABSTAIN,ABSTAIN,Bush,ABSTAIN,ABSTAIN,Trump,Trump,Trump
099,"Scarcity Populist",ABSTAIN,ABSTAIN,Jefferson,ABSTAIN,ABSTAIN,ABSTAIN,Madison,ABSTAIN,ABSTAIN,Jackson,Jackson,Jackson,Van Buren,ABSTAIN,Polk,Taylor,Pierce,Fillmore,Breckinridge,ABSTAIN,Seymour,ABSTAIN,ABSTAIN,ABSTAIN,ABSTAIN,ABSTAIN,Weaver,Bryan,Bryan,ABSTAIN,Bryan,ABSTAIN,ABSTAIN,ABSTAIN,ABSTAIN,ABSTAIN,ABSTAIN,ABSTAIN,ABSTAIN,ABSTAIN,Thurmond,ABSTAIN,ABSTAIN,ABSTAIN,ABSTAIN,Wallace,Nixon,ABSTAIN,ABSTAIN,Mondale,ABSTAIN,Perot,ABSTAIN,ABSTAIN,Bush,ABSTAIN,Obama,Trump,Trump,Trump
100,"Tribal Insurgent",ABSTAIN,ABSTAIN,Jefferson,ABSTAIN,ABSTAIN,ABSTAIN,ABSTAIN,ABSTAIN,ABSTAIN,Jackson,Jackson,Jackson,Van Buren,ABSTAIN,Polk,ABSTAIN,Pierce,Fillmore,Breckinridge,ABSTAIN,Seymour,ABSTAIN,ABSTAIN,ABSTAIN,ABSTAIN,ABSTAIN,Weaver,Bryan,Bryan,ABSTAIN,Bryan,ABSTAIN,ABSTAIN,ABSTAIN,ABSTAIN,ABSTAIN,ABSTAIN,Roosevelt,ABSTAIN,ABSTAIN,Thurmond,ABSTAIN,ABSTAIN,ABSTAIN,ABSTAIN,ABSTAIN,ABSTAIN,ABSTAIN,ABSTAIN,ABSTAIN,ABSTAIN,ABSTAIN,ABSTAIN,ABSTAIN,Bush,ABSTAIN,ABSTAIN,Trump,Trump,Trump
101,"Embattled Majoritarian",ABSTAIN,ABSTAIN,Jefferson,Adams,Pinckney,Pinckney,Clinton,King,ABSTAIN,Jackson,Jackson,Jackson,Van Buren,Harrison,Polk,ABSTAIN,Pierce,Fillmore,Breckinridge,McClellan,Seymour,ABSTAIN,Tilden,ABSTAIN,Blaine,Harrison,Weaver,Bryan,Bryan,Roosevelt,Bryan,Wilson,Hughes,ABSTAIN,ABSTAIN,Smith,Roosevelt,Roosevelt,ABSTAIN,Dewey,Dewey,ABSTAIN,ABSTAIN,Nixon,Goldwater,Nixon,Nixon,ABSTAIN,Reagan,Mondale,Bush,Perot,Dole,Bush,Bush,McCain,Obama,Trump,Trump,Trump
102,"Folk Tribune",ABSTAIN,ABSTAIN,Jefferson,ABSTAIN,ABSTAIN,ABSTAIN,Madison,ABSTAIN,ABSTAIN,Jackson,Jackson,Jackson,Harrison,Harrison,Polk,Taylor,Pierce,Fillmore,Breckinridge,ABSTAIN,Seymour,ABSTAIN,ABSTAIN,ABSTAIN,Blaine,ABSTAIN,Weaver,Bryan,Bryan,ABSTAIN,Bryan,Roosevelt,ABSTAIN,ABSTAIN,La Follette,ABSTAIN,Roosevelt,Roosevelt,ABSTAIN,ABSTAIN,Thurmond,ABSTAIN,ABSTAIN,Nixon,Johnson,Wallace,Nixon,ABSTAIN,ABSTAIN,Mondale,ABSTAIN,Perot,Dole,Bush,Bush,McCain,Obama,Trump,Trump,Trump
103,"Grievance Mobilizer",ABSTAIN,ABSTAIN,Jefferson,ABSTAIN,ABSTAIN,ABSTAIN,Madison,ABSTAIN,ABSTAIN,Jackson,Jackson,Jackson,Van Buren,Harrison,Polk,Cass,Pierce,Fillmore,Breckinridge,ABSTAIN,Seymour,ABSTAIN,ABSTAIN,ABSTAIN,Blaine,ABSTAIN,Weaver,Bryan,Bryan,ABSTAIN,Bryan,ABSTAIN,ABSTAIN,ABSTAIN,La Follette,ABSTAIN,ABSTAIN,Roosevelt,ABSTAIN,ABSTAIN,Thurmond,ABSTAIN,ABSTAIN,ABSTAIN,ABSTAIN,Wallace,Nixon,ABSTAIN,ABSTAIN,ABSTAIN,ABSTAIN,Perot,ABSTAIN,ABSTAIN,Bush,ABSTAIN,ABSTAIN,Trump,Trump,Trump
104,"National Protector",ABSTAIN,ABSTAIN,Jefferson,Adams,Pinckney,Pinckney,Madison,King,ABSTAIN,Jackson,Jackson,Jackson,Van Buren,Harrison,Polk,Cass,Pierce,Fremont,Breckinridge,McClellan,Seymour,ABSTAIN,Tilden,Garfield,Blaine,Harrison,Weaver,Bryan,Bryan,Roosevelt,Bryan,Wilson,Hughes,ABSTAIN,ABSTAIN,Smith,Roosevelt,Roosevelt,Willkie,Dewey,Thurmond,ABSTAIN,ABSTAIN,Nixon,Goldwater,Nixon,Nixon,ABSTAIN,Reagan,Reagan,Bush,Bush,Dole,Bush,Bush,McCain,Romney,Trump,Trump,Trump
105,"Combative Populist",ABSTAIN,ABSTAIN,Jefferson,ABSTAIN,ABSTAIN,ABSTAIN,ABSTAIN,ABSTAIN,ABSTAIN,Jackson,Jackson,Jackson,Van Buren,Harrison,Polk,ABSTAIN,Pierce,Fillmore,Breckinridge,ABSTAIN,Seymour,ABSTAIN,Tilden,ABSTAIN,Blaine,ABSTAIN,Weaver,Bryan,Bryan,ABSTAIN,Bryan,ABSTAIN,ABSTAIN,ABSTAIN,ABSTAIN,ABSTAIN,ABSTAIN,ABSTAIN,ABSTAIN,ABSTAIN,Thurmond,ABSTAIN,ABSTAIN,ABSTAIN,ABSTAIN,Wallace,ABSTAIN,ABSTAIN,ABSTAIN,ABSTAIN,ABSTAIN,Perot,ABSTAIN,ABSTAIN,Bush,ABSTAIN,ABSTAIN,Trump,Trump,Trump
106,"Leader-Centered Insurgent",ABSTAIN,ABSTAIN,Jefferson,Adams,Pinckney,ABSTAIN,Madison,King,ABSTAIN,Jackson,Jackson,Jackson,Van Buren,Harrison,Polk,ABSTAIN,Pierce,Fillmore,Breckinridge,McClellan,Seymour,ABSTAIN,Tilden,Hancock,Blaine,Harrison,Weaver,Bryan,Bryan,ABSTAIN,Bryan,Wilson,Hughes,ABSTAIN,ABSTAIN,ABSTAIN,Roosevelt,Roosevelt,ABSTAIN,Dewey,Thurmond,ABSTAIN,ABSTAIN,Nixon,Johnson,Wallace,Nixon,ABSTAIN,Reagan,Mondale,ABSTAIN,Clinton,Dole,Bush,Bush,McCain,Obama,Trump,Trump,Trump
107,"Resentful Localist",ABSTAIN,ABSTAIN,Jefferson,ABSTAIN,ABSTAIN,ABSTAIN,Clinton,ABSTAIN,ABSTAIN,Jackson,Jackson,Jackson,Harrison,ABSTAIN,Polk,Taylor,ABSTAIN,Fillmore,Breckinridge,ABSTAIN,Seymour,ABSTAIN,ABSTAIN,ABSTAIN,ABSTAIN,ABSTAIN,Weaver,Bryan,Bryan,Roosevelt,Bryan,Roosevelt,ABSTAIN,ABSTAIN,La Follette,ABSTAIN,ABSTAIN,ABSTAIN,ABSTAIN,ABSTAIN,Thurmond,ABSTAIN,ABSTAIN,Nixon,Goldwater,Wallace,Nixon,ABSTAIN,Reagan,ABSTAIN,ABSTAIN,Perot,ABSTAIN,ABSTAIN,Bush,McCain,ABSTAIN,Trump,Trump,Trump
108,"Passive Cynic",Washington,Washington,Jefferson,ABSTAIN,Pinckney,Pinckney,Clinton,King,Monroe,Adams,Adams,Clay,Harrison,ABSTAIN,Clay,Taylor,Scott,Buchanan,Bell,McClellan,Grant,Grant,Hayes,Hancock,Cleveland,Harrison,Harrison,McKinley,McKinley,Parker,Taft,Taft,Hughes,Harding,Coolidge,Hoover,Hoover,Landon,Willkie,Dewey,Dewey,Stevenson,Eisenhower,Nixon,Johnson,Nixon,Nixon,Ford,Anderson,Reagan,Bush,Clinton,Clinton,Bush,ABSTAIN,McCain,Romney,Clinton,Biden,ABSTAIN
109,"Alienated Outsider",ABSTAIN,ABSTAIN,Jefferson,Jefferson,Pinckney,ABSTAIN,Madison,ABSTAIN,ABSTAIN,Jackson,Jackson,Jackson,Van Buren,Harrison,Polk,Cass,Pierce,Fremont,Lincoln,Lincoln,Grant,Grant,ABSTAIN,Hancock,Blaine,Harrison,Weaver,Bryan,Bryan,Roosevelt,Bryan,Wilson,Wilson,Cox,La Follette,Smith,Hoover,Roosevelt,Roosevelt,Roosevelt,Truman,Stevenson,ABSTAIN,Nixon,Goldwater,Nixon,Nixon,ABSTAIN,Carter,Mondale,Bush,Perot,Dole,Bush,Bush,McCain,Romney,Clinton,Trump,Trump
110,"Principled Abstainer",ABSTAIN,ABSTAIN,Jefferson,ABSTAIN,Jefferson,ABSTAIN,Madison,Monroe,Monroe,Jackson,Jackson,Jackson,Harrison,ABSTAIN,Polk,Van Buren,ABSTAIN,ABSTAIN,Lincoln,Lincoln,Grant,Grant,ABSTAIN,ABSTAIN,ABSTAIN,ABSTAIN,Weaver,Bryan,Bryan,Roosevelt,Bryan,Roosevelt,ABSTAIN,ABSTAIN,La Follette,ABSTAIN,Roosevelt,ABSTAIN,Roosevelt,Roosevelt,Truman,ABSTAIN,ABSTAIN,Kennedy,Goldwater,Nixon,Nixon,ABSTAIN,Carter,ABSTAIN,Bush,Clinton,Clinton,Bush,ABSTAIN,Obama,ABSTAIN,ABSTAIN,ABSTAIN,ABSTAIN
111,"Diogenes Independent",ABSTAIN,ABSTAIN,Jefferson,Jefferson,Jefferson,Madison,Madison,Monroe,Monroe,Jackson,Jackson,Jackson,Van Buren,ABSTAIN,Polk,Van Buren,ABSTAIN,ABSTAIN,Lincoln,Lincoln,Grant,Grant,ABSTAIN,Hancock,Blaine,ABSTAIN,Cleveland,ABSTAIN,ABSTAIN,Roosevelt,Bryan,Roosevelt,Wilson,Cox,Davis,Smith,Roosevelt,Roosevelt,Roosevelt,Roosevelt,Truman,Stevenson,Stevenson,Kennedy,Johnson,Humphrey,McGovern,ABSTAIN,Reagan,Reagan,ABSTAIN,Clinton,Clinton,Gore,ABSTAIN,Obama,Obama,Clinton,ABSTAIN,ABSTAIN
112,"Contrarian Intellectual",Washington,Washington,Jefferson,Jefferson,Jefferson,Madison,Madison,Monroe,Monroe,Jackson,Jackson,Jackson,Van Buren,Harrison,Polk,Van Buren,Pierce,Fremont,Lincoln,Lincoln,Grant,Grant,Tilden,Hancock,Cleveland,Cleveland,Cleveland,Bryan,McKinley,Roosevelt,Bryan,Wilson,Wilson,Cox,Davis,Smith,Roosevelt,Roosevelt,Roosevelt,Roosevelt,Truman,Stevenson,Eisenhower,Kennedy,Johnson,Humphrey,Nixon,Carter,Carter,Reagan,Bush,Clinton,Clinton,Gore,Kerry,Obama,Obama,Clinton,Biden,Harris
115,"Quietist",ABSTAIN,ABSTAIN,Jefferson,Adams,Jefferson,Pinckney,Clinton,Monroe,ABSTAIN,Adams,Adams,Jackson,Harrison,ABSTAIN,Clay,Taylor,Pierce,ABSTAIN,Bell,ABSTAIN,Grant,Grant,ABSTAIN,ABSTAIN,Blaine,Harrison,Harrison,Bryan,McKinley,Parker,Bryan,Taft,Wilson,ABSTAIN,Coolidge,Hoover,Roosevelt,ABSTAIN,Roosevelt,Roosevelt,Dewey,Stevenson,ABSTAIN,Kennedy,Johnson,Humphrey,McGovern,ABSTAIN,Reagan,Reagan,Bush,Perot,Clinton,Bush,ABSTAIN,Obama,Obama,Clinton,ABSTAIN,ABSTAIN
116,"Quiet Middle",Washington,Washington,Adams,Adams,Pinckney,Madison,Clinton,King,Monroe,Adams,Adams,Clay,Harrison,Harrison,Clay,Taylor,Pierce,Buchanan,Douglas,Lincoln,Grant,Grant,Tilden,Hancock,Cleveland,Harrison,Cleveland,McKinley,McKinley,Parker,Taft,Taft,Hughes,Harding,Coolidge,Hoover,Hoover,Landon,Willkie,Dewey,Dewey,Eisenhower,Eisenhower,Nixon,Johnson,Nixon,Nixon,Ford,Reagan,Reagan,Bush,Bush,Dole,Bush,Bush,McCain,Romney,Clinton,Biden,Harris
117,"Comfortable Bystander",Washington,Washington,Adams,Adams,Pinckney,Madison,Clinton,King,Monroe,Adams,Adams,Clay,Harrison,Harrison,Clay,Taylor,Scott,Buchanan,Bell,McClellan,Grant,Grant,Hayes,Garfield,Cleveland,Cleveland,Cleveland,McKinley,McKinley,Parker,Taft,Taft,Hughes,Harding,Coolidge,Hoover,Hoover,Landon,Willkie,Dewey,Dewey,Eisenhower,Eisenhower,Nixon,Johnson,Nixon,Nixon,Carter,Reagan,Reagan,Bush,Bush,Clinton,Bush,Bush,McCain,Romney,Clinton,Biden,ABSTAIN
118,"Survival Pragmatist",Washington,Washington,Jefferson,ABSTAIN,Pinckney,Madison,Madison,King,ABSTAIN,Jackson,Jackson,Jackson,Van Buren,Harrison,Polk,Taylor,Pierce,Buchanan,Douglas,McClellan,Grant,Grant,Tilden,Hancock,Cleveland,Cleveland,Cleveland,McKinley,McKinley,Parker,Bryan,Wilson,Wilson,Harding,Davis,Hoover,Roosevelt,Roosevelt,Roosevelt,Roosevelt,Truman,Stevenson,Eisenhower,Nixon,Johnson,Humphrey,Nixon,Carter,Carter,Mondale,Dukakis,Clinton,Clinton,Bush,Bush,Obama,Obama,Clinton,Biden,Harris
119,"Apolitical Striver",Washington,Washington,Adams,Adams,Pinckney,Pinckney,Clinton,King,Monroe,Adams,Adams,Clay,Harrison,Harrison,Clay,Taylor,Scott,Buchanan,Bell,Lincoln,Grant,Grant,Hayes,Garfield,Cleveland,Harrison,Harrison,McKinley,McKinley,Roosevelt,Taft,Taft,Hughes,Harding,Coolidge,Hoover,Hoover,Landon,Willkie,Dewey,Dewey,Eisenhower,Eisenhower,Nixon,Goldwater,Nixon,Nixon,Ford,Reagan,Reagan,Bush,Bush,Dole,Bush,Bush,McCain,Romney,Clinton,Biden,ABSTAIN
120,"Good Neighbor",Washington,Washington,Adams,ABSTAIN,Jefferson,Madison,Clinton,Monroe,Monroe,Clay,Adams,Clay,Van Buren,Harrison,Clay,Taylor,Scott,Buchanan,Lincoln,Lincoln,Grant,Grant,Tilden,Garfield,Cleveland,Harrison,Cleveland,McKinley,McKinley,Parker,Taft,Taft,Wilson,Harding,Coolidge,Hoover,Hoover,Landon,Roosevelt,Roosevelt,Dewey,Eisenhower,Eisenhower,Nixon,Johnson,Nixon,Nixon,Ford,Reagan,Reagan,Bush,Bush,Dole,Bush,Kerry,McCain,Romney,Clinton,Biden,Harris
121,"Spectator Citizen",Washington,Washington,Adams,Jefferson,Jefferson,Madison,Madison,Monroe,Monroe,Adams,Adams,Clay,Van Buren,Harrison,Clay,Taylor,Pierce,Buchanan,Douglas,Lincoln,Grant,Grant,Tilden,Garfield,Cleveland,Cleveland,Cleveland,McKinley,McKinley,Roosevelt,Taft,Wilson,Wilson,Harding,Coolidge,Hoover,Hoover,Landon,Willkie,Roosevelt,Dewey,Eisenhower,Eisenhower,Kennedy,Johnson,Nixon,Nixon,Carter,Anderson,Reagan,Bush,Clinton,Clinton,Gore,Kerry,Obama,Obama,Clinton,Biden,Harris
122,"Civic Minimalist",Washington,Washington,Adams,Adams,Pinckney,Madison,Clinton,King,Monroe,Adams,Adams,Clay,Harrison,Harrison,Clay,Taylor,Scott,Buchanan,Bell,Lincoln,Grant,Grant,Tilden,Garfield,Cleveland,Cleveland,Cleveland,McKinley,McKinley,Roosevelt,Taft,Taft,Hughes,Harding,Coolidge,Hoover,Hoover,Landon,Willkie,Dewey,Dewey,Eisenhower,Eisenhower,Nixon,Goldwater,Nixon,Nixon,Ford,Reagan,Reagan,Bush,Bush,Dole,Bush,Bush,McCain,Romney,Clinton,Biden,Harris
124,"Crisis-Activated Sleeper",Washington,ABSTAIN,Jefferson,Jefferson,Pinckney,Pinckney,Clinton,King,ABSTAIN,Jackson,Jackson,Jackson,Van Buren,Harrison,Polk,Cass,Pierce,Buchanan,Breckinridge,McClellan,Grant,Grant,Tilden,Hancock,Cleveland,Cleveland,Cleveland,Bryan,Bryan,Roosevelt,Bryan,Wilson,Wilson,Cox,Davis,Smith,Roosevelt,Roosevelt,Roosevelt,Roosevelt,Truman,Stevenson,Stevenson,Kennedy,Johnson,Humphrey,Nixon,Carter,Carter,Mondale,Dukakis,Clinton,Clinton,Bush,Bush,Obama,Obama,Clinton,Biden,Trump
125,"Reluctant Partisan",Washington,Washington,Adams,Jefferson,Pinckney,Madison,Clinton,King,Monroe,Adams,Adams,Jackson,Van Buren,Harrison,Polk,Taylor,Pierce,Buchanan,Douglas,McClellan,Grant,Greeley,Tilden,Hancock,Cleveland,Cleveland,Cleveland,McKinley,McKinley,Parker,Taft,Wilson,Wilson,Harding,Davis,Smith,Roosevelt,Roosevelt,Roosevelt,Roosevelt,Truman,Stevenson,Stevenson,Kennedy,Johnson,Humphrey,Nixon,Carter,Carter,Mondale,Dukakis,Clinton,Clinton,Gore,Kerry,Obama,Obama,Clinton,Biden,Harris
126,"Single-Issue Activator",ABSTAIN,ABSTAIN,Jefferson,Jefferson,Jefferson,Madison,Madison,King,ABSTAIN,Jackson,Jackson,Jackson,Van Buren,Harrison,Polk,Van Buren,Pierce,Fremont,Lincoln,Lincoln,Grant,Grant,Tilden,Hancock,Blaine,Harrison,Weaver,Bryan,Bryan,Roosevelt,Bryan,Roosevelt,Wilson,Cox,La Follette,Smith,Roosevelt,Roosevelt,Roosevelt,Roosevelt,Truman,Stevenson,Stevenson,Nixon,Johnson,Nixon,Nixon,Carter,Reagan,Reagan,Bush,Clinton,Dole,Bush,Bush,McCain,Obama,Clinton,Trump,Trump
127,"Tribal Loyalist",ABSTAIN,ABSTAIN,Jefferson,Adams,Pinckney,Pinckney,Clinton,King,ABSTAIN,Crawford,Jackson,Jackson,Van Buren,Van Buren,Polk,Cass,Pierce,Buchanan,Breckinridge,McClellan,Seymour,Grant,Tilden,Hancock,Cleveland,Cleveland,Cleveland,Bryan,Bryan,Roosevelt,Bryan,Wilson,Wilson,Cox,Davis,Smith,Roosevelt,Roosevelt,Roosevelt,Roosevelt,Truman,Stevenson,Stevenson,Kennedy,Johnson,Nixon,Nixon,Carter,Carter,Mondale,Dukakis,Clinton,Clinton,Gore,Bush,Obama,Obama,Clinton,Trump,Trump
128,"Loyal Democrat",Washington,Washington,Jefferson,Jefferson,Jefferson,Madison,Madison,King,Monroe,Jackson,Jackson,Jackson,Van Buren,Harrison,Polk,Cass,Pierce,Buchanan,Douglas,McClellan,Grant,Grant,Tilden,Hancock,Cleveland,Cleveland,Cleveland,Bryan,Bryan,Roosevelt,Bryan,Wilson,Wilson,Cox,Davis,Smith,Roosevelt,Roosevelt,Roosevelt,Roosevelt,Truman,Stevenson,Stevenson,Kennedy,Johnson,Humphrey,Nixon,Carter,Carter,Mondale,Dukakis,Clinton,Clinton,Gore,Kerry,Obama,Obama,Clinton,Biden,Harris
129,"Loyal Republican",ABSTAIN,ABSTAIN,Adams,Adams,Pinckney,Pinckney,Clinton,King,ABSTAIN,Crawford,Jackson,Jackson,Van Buren,Harrison,Polk,Cass,Pierce,Buchanan,Lincoln,McClellan,Grant,Grant,Hayes,Garfield,Blaine,Harrison,Harrison,McKinley,McKinley,Roosevelt,Taft,Taft,Hughes,Harding,Coolidge,Hoover,Hoover,Landon,Willkie,Dewey,Dewey,Eisenhower,Eisenhower,Nixon,Goldwater,Nixon,Nixon,Ford,Reagan,Reagan,Bush,Bush,Dole,Bush,Bush,McCain,Romney,Trump,Trump,Trump
130,"Legacy Partisan",ABSTAIN,ABSTAIN,Adams,Adams,Pinckney,Pinckney,Clinton,King,ABSTAIN,Crawford,Jackson,Jackson,Van Buren,Harrison,Polk,Cass,Pierce,Buchanan,Breckinridge,McClellan,Seymour,Grant,Tilden,Hancock,Cleveland,Cleveland,Cleveland,Bryan,Bryan,Parker,Bryan,Wilson,Hughes,Cox,Davis,Smith,Roosevelt,Roosevelt,Roosevelt,Roosevelt,Truman,Stevenson,Stevenson,Kennedy,Johnson,Humphrey,Nixon,Carter,Carter,Mondale,Dukakis,Clinton,Clinton,Gore,Bush,Obama,Obama,Clinton,Biden,Trump
131,"Duty Voter",Washington,Washington,Adams,Jefferson,Pinckney,Madison,Clinton,King,Monroe,Jackson,Adams,Jackson,Harrison,Harrison,Clay,Van Buren,Pierce,Buchanan,Lincoln,Lincoln,Grant,Grant,Tilden,Garfield,Cleveland,Cleveland,Cleveland,McKinley,McKinley,Roosevelt,Taft,Wilson,Wilson,Harding,Coolidge,Hoover,Hoover,Landon,Willkie,Dewey,Dewey,Eisenhower,Eisenhower,Nixon,Goldwater,Nixon,Nixon,Carter,Carter,Reagan,Bush,Clinton,Dole,Bush,Bush,McCain,Romney,Clinton,Biden,Trump
132,"Negative Partisan",ABSTAIN,ABSTAIN,Jefferson,Jefferson,Pinckney,ABSTAIN,Madison,King,ABSTAIN,Jackson,Jackson,Jackson,Van Buren,Harrison,Polk,Cass,Pierce,Buchanan,Breckinridge,McClellan,Seymour,Greeley,Tilden,Hancock,Cleveland,Cleveland,Weaver,Bryan,Bryan,Roosevelt,Bryan,Wilson,Wilson,Cox,Davis,Smith,Roosevelt,Roosevelt,Roosevelt,Roosevelt,Truman,Stevenson,Stevenson,Kennedy,Johnson,Humphrey,Nixon,Carter,Carter,Mondale,Dukakis,Clinton,Clinton,Gore,Bush,Obama,Obama,Clinton,Trump,Harris
133,"Sporadic Alarm Voter",ABSTAIN,ABSTAIN,Adams,Jefferson,Jefferson,Pinckney,Clinton,King,ABSTAIN,Jackson,Jackson,Jackson,Harrison,Harrison,Polk,Taylor,Pierce,Fremont,Douglas,McClellan,Grant,Grant,Tilden,Hancock,Cleveland,Cleveland,Cleveland,Bryan,Bryan,Roosevelt,Bryan,Wilson,Wilson,Cox,Davis,Hoover,Roosevelt,Roosevelt,Roosevelt,Roosevelt,Truman,Stevenson,Eisenhower,Nixon,Johnson,Humphrey,Nixon,Carter,Carter,Mondale,Bush,Perot,Dole,Bush,Bush,McCain,Obama,Clinton,Biden,Trump
134,"Progressive Civic Nationalist",Washington,Washington,Jefferson,Jefferson,Jefferson,Madison,Madison,Monroe,Monroe,Jackson,Jackson,Jackson,Van Buren,Harrison,Polk,Van Buren,Pierce,Fremont,Lincoln,Lincoln,Grant,Greeley,Tilden,Hancock,Blaine,Cleveland,Weaver,Bryan,Bryan,Roosevelt,Bryan,Wilson,Wilson,Harding,Davis,Smith,Roosevelt,Roosevelt,Roosevelt,Roosevelt,Truman,Stevenson,Stevenson,Kennedy,Johnson,Humphrey,Nixon,Carter,Reagan,Reagan,Bush,Clinton,Clinton,Gore,Kerry,Obama,Obama,Clinton,Biden,Harris
135,"Disruptive Cosmopolitan",ABSTAIN,ABSTAIN,Jefferson,ABSTAIN,Jefferson,Madison,Madison,King,Monroe,Clay,Adams,Clay,Harrison,Harrison,Clay,Taylor,ABSTAIN,ABSTAIN,Bell,McClellan,Grant,Grant,ABSTAIN,Garfield,Blaine,Harrison,Harrison,ABSTAIN,McKinley,Roosevelt,Taft,Taft,Wilson,Cox,Coolidge,Hoover,Hoover,ABSTAIN,Roosevelt,Roosevelt,Dewey,Eisenhower,Eisenhower,Kennedy,Johnson,Nixon,McGovern,ABSTAIN,Anderson,Reagan,Dukakis,Bush,Clinton,Gore,ABSTAIN,McCain,Romney,Clinton,Biden,ABSTAIN
136,"Aspirational Traditionalist",Washington,Washington,Jefferson,Jefferson,Jefferson,Madison,Clinton,King,Monroe,Adams,Adams,Clay,Harrison,Harrison,Polk,Van Buren,Scott,Fremont,Lincoln,Lincoln,Grant,Grant,Tilden,Garfield,Cleveland,Harrison,Harrison,McKinley,McKinley,Roosevelt,Taft,Taft,Wilson,Harding,Coolidge,Hoover,Hoover,Landon,Roosevelt,Roosevelt,Truman,Eisenhower,Eisenhower,Kennedy,Johnson,Nixon,Nixon,Carter,Reagan,Reagan,Bush,Bush,Clinton,Bush,Kerry,McCain,Romney,Clinton,Biden,Harris
137,"Prophetic Revivalist",Washington,Washington,Jefferson,Jefferson,Jefferson,Pinckney,Madison,King,Monroe,Jackson,Jackson,Jackson,Van Buren,Harrison,Polk,Cass,Pierce,Fremont,Lincoln,Lincoln,Grant,Grant,Tilden,Garfield,Blaine,Harrison,Weaver,Bryan,Bryan,Roosevelt,Bryan,Wilson,Hughes,Cox,La Follette,Smith,Hoover,Roosevelt,Willkie,Dewey,Dewey,Eisenhower,Stevenson,Nixon,Goldwater,Nixon,Nixon,Ford,Reagan,Reagan,Bush,Bush,Dole,Bush,Bush,McCain,Romney,Trump,Trump,Trump
138,"Holistic Dissenter",ABSTAIN,ABSTAIN,Jefferson,Jefferson,Jefferson,Madison,Madison,Monroe,ABSTAIN,Jackson,Jackson,Jackson,Harrison,Van Buren,Polk,Taylor,Pierce,Buchanan,Douglas,McClellan,Grant,Grant,ABSTAIN,Hancock,Blaine,ABSTAIN,Weaver,Bryan,Bryan,Roosevelt,Bryan,Roosevelt,Wilson,Cox,La Follette,Smith,Roosevelt,Roosevelt,Roosevelt,Roosevelt,Truman,Stevenson,Stevenson,Kennedy,Johnson,Nixon,Nixon,ABSTAIN,Reagan,Reagan,Bush,Clinton,Clinton,Gore,Bush,Obama,Obama,Clinton,Trump,Trump
139,"Civic Assimilationist",Washington,Washington,Adams,Adams,Jefferson,Madison,Clinton,King,Monroe,Adams,Adams,Clay,Van Buren,Harrison,Polk,Taylor,Pierce,Buchanan,Douglas,Lincoln,Grant,Grant,Tilden,Garfield,Cleveland,Cleveland,Cleveland,McKinley,McKinley,Roosevelt,Taft,Taft,Wilson,Harding,Coolidge,Hoover,Hoover,Landon,Willkie,Roosevelt,Dewey,Eisenhower,Eisenhower,Nixon,Goldwater,Nixon,Nixon,Ford,Reagan,Reagan,Bush,Bush,Dole,Bush,Bush,McCain,Romney,Trump,Biden,Trump
140,"Market Green Modernist",Washington,Washington,Adams,Jefferson,Jefferson,Madison,Madison,Monroe,Monroe,Adams,Jackson,Clay,Harrison,Harrison,Clay,Van Buren,ABSTAIN,Fremont,Lincoln,Lincoln,Grant,Greeley,Tilden,Garfield,Cleveland,Cleveland,Cleveland,McKinley,McKinley,Roosevelt,Taft,Roosevelt,Wilson,Harding,Davis,Hoover,Roosevelt,Roosevelt,Willkie,Roosevelt,Truman,Stevenson,Stevenson,Kennedy,Johnson,Humphrey,McGovern,Carter,Anderson,Reagan,Dukakis,Clinton,Clinton,Gore,Kerry,Obama,Obama,Clinton,Biden,Harris